,GAMA spec_ID,Other,Fringed,M-star
0,G02_Y3_001_045 ,1.0,0.0,0.0
1,G02_Y3_001_110 ,1.0,0.0,0.0
2,G02_Y3_001_134 ,1.0,0.0,0.0
3,G02_Y3_001_162 ,1.0,0.0,0.0
4,G02_Y3_001_257 ,1.0,0.0,0.0
5,G02_Y3_001_377 ,1.0,0.0,0.0
6,G02_Y3_002_064 ,0.0,1.0,0.0
7,G02_Y3_002_106 ,1.0,0.0,0.0
8,G02_Y3_002_156 ,1.0,0.0,0.0
9,G02_Y3_002_229 ,1.0,0.0,0.0
10,G02_Y3_002_359 ,1.0,0.0,0.0
11,G02_Y3_003_087 ,1.0,0.0,0.0
12,G02_Y3_003_147 ,1.0,0.0,0.0
13,G02_Y3_003_215 ,1.0,0.0,0.0
14,G02_Y3_003_339 ,1.0,0.0,0.0
15,G02_Y3_004_068 ,1.0,0.0,0.0
16,G02_Y3_004_193 ,1.0,0.0,0.0
17,G02_Y3_004_319 ,1.0,0.0,0.0
18,G02_Y3_005_047 ,1.0,0.0,0.0
19,G02_Y3_005_055 ,1.0,0.0,0.0
20,G02_Y3_005_174 ,1.0,0.0,0.0
21,G02_Y3_005_265 ,1.0,0.0,0.0
22,G02_Y3_005_298 ,1.0,0.0,0.0
23,G02_Y3_006_027 ,1.0,0.0,0.0
24,G02_Y3_006_136 ,1.0,0.0,0.0
25,G02_Y3_006_155 ,1.0,0.0,0.0
26,G02_Y3_006_281 ,1.0,0.0,0.0
27,G02_Y3_007_010 ,1.0,0.0,0.0
28,G02_Y3_007_128 ,1.0,0.0,0.0
29,G02_Y3_007_260 ,1.0,0.0,0.0
30,G02_Y3_007_382 ,1.0,0.0,0.0
31,G02_Y3_009_111 ,1.0,0.0,0.0
32,G02_Y3_009_243 ,1.0,0.0,0.0
33,G02_Y3_009_353 ,0.0,1.0,0.0
34,G02_Y3_009_368 ,1.0,0.0,0.0
35,G02_Y3_012_048 ,0.0,0.0,1.0
36,G02_Y3_012_096 ,1.0,0.0,0.0
37,G02_Y3_012_126 ,1.0,0.0,0.0
38,G02_Y3_012_155 ,0.0,1.0,0.0
39,G02_Y3_012_223 ,1.0,0.0,0.0
40,G02_Y3_012_237 ,1.0,0.0,0.0
41,G02_Y3_012_261 ,1.0,0.0,0.0
42,G02_Y3_012_347 ,1.0,0.0,0.0
43,G02_Y3_012_360 ,0.0,1.0,0.0
44,G02_Y3_013_047 ,0.0,1.0,0.0
45,G02_Y3_013_060 ,0.0,1.0,0.0
46,G02_Y3_013_065 ,1.0,0.0,0.0
47,G02_Y3_013_083 ,1.0,0.0,0.0
48,G02_Y3_013_165 ,0.0,1.0,0.0
49,G02_Y3_013_208 ,1.0,0.0,0.0
50,G02_Y3_013_219 ,1.0,0.0,0.0
51,G02_Y3_013_275 ,0.0,0.0,1.0
52,G02_Y3_013_331 ,1.0,0.0,0.0
53,G02_Y3_013_387 ,0.0,1.0,0.0
54,G02_Y3_014_057 ,1.0,0.0,0.0
55,G02_Y3_014_180 ,1.0,0.0,0.0
56,G02_Y3_014_211 ,0.0,1.0,0.0
57,G02_Y3_014_271 ,0.0,1.0,0.0
58,G02_Y3_014_311 ,1.0,0.0,0.0
59,G02_Y3_015_276 ,0.0,1.0,0.0
60,G02_Y3_015_309 ,1.0,0.0,0.0
61,G02_Y3_016_134 ,1.0,0.0,0.0
62,G02_Y3_018_047 ,0.0,1.0,0.0
63,G02_Y3_018_292 ,1.0,0.0,0.0
64,G02_Y3_018_333 ,1.0,0.0,0.0
65,G02_Y3_019_061 ,0.0,1.0,0.0
66,G02_Y4_001_395 ,0.0,1.0,0.0
67,G02_Y4_002_004 ,1.0,0.0,0.0
68,G02_Y4_021_017 ,0.0,0.0,1.0
69,G02_Y4_021_130 ,1.0,0.0,0.0
70,G02_Y4_024_255 ,1.0,0.0,0.0
71,G02_Y4_027_151 ,0.0,0.0,1.0
72,G02_Y4_028_275 ,0.0,1.0,0.0
73,G02_Y4_029_073 ,0.0,0.0,1.0
74,G02_Y4_030_041 ,0.0,1.0,0.0
75,G02_Y4_030_319 ,0.0,0.0,1.0
76,G02_Y4_031_115 ,0.0,1.0,0.0
77,G02_Y4_031_271 ,0.0,1.0,0.0
78,G02_Y4_031_353 ,0.0,1.0,0.0
79,G02_Y4_034_353 ,0.0,1.0,0.0
80,G02_Y4_035_165 ,0.0,1.0,0.0
81,G02_Y4_036_061 ,0.0,1.0,0.0
82,G02_Y4_037_275 ,0.0,1.0,0.0
83,G02_Y4_038_249 ,0.0,0.0,1.0
84,G02_Y4_038_395 ,0.0,1.0,0.0
85,G02_Y4_040_009 ,0.0,1.0,0.0
86,G02_Y4_041_054 ,0.0,1.0,0.0
87,G02_Y4_042_116 ,0.0,1.0,0.0
88,G02_Y4_042_385 ,0.0,1.0,0.0
89,G02_Y4_042_395 ,0.0,1.0,0.0
90,G02_Y4_043_118 ,0.0,1.0,0.0
91,G02_Y4_043_279 ,0.0,1.0,0.0
92,G02_Y4_043_354 ,0.0,1.0,0.0
93,G02_Y4_043_365 ,0.0,1.0,0.0
94,G02_Y4_044_168 ,0.0,1.0,0.0
95,G02_Y5_052_168 ,1.0,0.0,0.0
96,G02_Y5_052_392 ,1.0,0.0,0.0
97,G02_Y5_056_286 ,1.0,0.0,0.0
98,G02_Y5_057_175 ,1.0,0.0,0.0
99,G02_Y5_058_191 ,1.0,0.0,0.0
100,G02_Y5_060_094 ,1.0,0.0,0.0
101,G02_Y5_060_388 ,1.0,0.0,0.0
102,G02_Y5_071_012 ,1.0,0.0,0.0
103,G02_Y5_071_260 ,1.0,0.0,0.0
104,G02_Y5_072_193 ,1.0,0.0,0.0
105,G02_Y5_073_180 ,1.0,0.0,0.0
106,G02_Y5_074_035 ,1.0,0.0,0.0
107,G02_Y5_074_149 ,1.0,0.0,0.0
108,G02_Y5_074_196 ,1.0,0.0,0.0
109,G02_Y5_074_274 ,1.0,0.0,0.0
110,G02_Y5_075_004 ,1.0,0.0,0.0
111,G02_Y5_075_126 ,1.0,0.0,0.0
112,G02_Y5_075_244 ,1.0,0.0,0.0
113,G02_Y5_077_059 ,1.0,0.0,0.0
114,G02_Y5_079_184 ,0.0,0.0,1.0
115,G02_Y5_083_025 ,0.0,0.0,1.0
116,G02_Y5_085_040 ,0.0,0.0,1.0
117,G02_Y5_085_159 ,1.0,0.0,0.0
118,G02_Y5_086_001 ,1.0,0.0,0.0
119,G02_Y5_086_119 ,1.0,0.0,0.0
120,G02_Y5_106_361 ,0.0,0.0,1.0
121,G02_Y5_110_385 ,0.0,0.0,1.0
122,G02_Y5_115_251 ,0.0,0.0,1.0
123,G02_Y6_004_365 ,0.0,0.0,1.0
124,G02_Y6_010_029 ,0.0,0.0,1.0
125,G02_Y6_013_165 ,0.0,0.0,1.0
126,G02_Y6_013_228 ,0.0,0.0,1.0
127,G02_Y6_015_157 ,0.0,0.0,1.0
128,G02_Y6_015_318 ,0.0,0.0,1.0
129,G02_Y6_016_184 ,0.0,0.0,1.0
130,G02_Y6_017_311 ,0.0,0.0,1.0
131,G02_Y6_017_373 ,0.0,0.0,1.0
132,G09_Y1_AN1_301 ,0.0,0.0,1.0
133,G09_Y1_AN2_339 ,0.0,0.0,1.0
134,G09_Y1_AS1_389 ,0.0,0.0,1.0
135,G09_Y1_BN1_306 ,0.0,0.0,1.0
136,G09_Y1_BN2_278 ,0.0,0.0,1.0
137,G09_Y1_BS1_060 ,0.0,1.0,0.0
138,G09_Y1_BS2_242 ,0.0,0.0,1.0
139,G09_Y1_BX1_299 ,0.0,0.0,1.0
140,G09_Y1_CN1_039 ,0.0,0.0,1.0
141,G09_Y1_CS1_286 ,0.0,0.0,1.0
142,G09_Y1_CX2_020 ,0.0,0.0,1.0
143,G09_Y1_DS1_283 ,0.0,0.0,1.0
144,G09_Y1_EX1_210 ,0.0,0.0,1.0
145,G09_Y1_FN2_117 ,0.0,1.0,0.0
146,G09_Y1_FS1_130 ,0.0,1.0,0.0
147,G09_Y1_GS2_064 ,0.0,1.0,0.0
148,G09_Y1_HN1_022 ,0.0,0.0,1.0
149,G09_Y1_HN1_324 ,0.0,0.0,1.0
150,G09_Y1_HN2_107 ,0.0,1.0,0.0
151,G09_Y1_HN2_168 ,0.0,1.0,0.0
152,G09_Y1_HN2_244 ,0.0,1.0,0.0
153,G09_Y1_IN1_340 ,0.0,0.0,1.0
154,G09_Y1_IN1_372 ,0.0,0.0,1.0
155,G09_Y1_IN2_071 ,0.0,1.0,0.0
156,G09_Y1_IS2_279 ,0.0,1.0,0.0
157,G09_Y1_IS2_360 ,0.0,1.0,0.0
158,G09_Y1_test_003,0.0,1.0,0.0
159,G09_Y1_test_241,0.0,0.0,1.0
160,G09_Y2_003_134 ,0.0,0.0,1.0
161,G09_Y2_005_072 ,0.0,0.0,1.0
162,G09_Y2_005_203 ,0.0,0.0,1.0
163,G09_Y2_006_198 ,0.0,0.0,1.0
164,G09_Y2_007_297 ,0.0,0.0,1.0
165,G09_Y2_007_315 ,1.0,0.0,0.0
166,G09_Y2_007_360 ,0.0,1.0,0.0
167,G09_Y2_010_047 ,0.0,1.0,0.0
168,G09_Y2_011_206 ,0.0,0.0,1.0
169,G09_Y2_011_211 ,0.0,1.0,0.0
170,G09_Y2_011_278 ,0.0,1.0,0.0
171,G09_Y2_017_116 ,0.0,1.0,0.0
172,G09_Y2_017_177 ,0.0,0.0,1.0
173,G09_Y2_017_275 ,0.0,1.0,0.0
174,G09_Y2_019_045 ,0.0,0.0,1.0
175,G09_Y2_019_071 ,0.0,1.0,0.0
176,G09_Y2_019_115 ,0.0,1.0,0.0
177,G09_Y2_019_279 ,0.0,1.0,0.0
178,G09_Y2_019_295 ,0.0,0.0,1.0
179,G09_Y2_020_012 ,0.0,0.0,1.0
180,G09_Y2_020_179 ,0.0,0.0,1.0
181,G09_Y2_021_061 ,0.0,1.0,0.0
182,G09_Y2_021_166 ,0.0,0.0,1.0
183,G09_Y2_023_110 ,0.0,1.0,0.0
184,G09_Y2_023_115 ,0.0,0.0,1.0
185,G09_Y2_023_159 ,0.0,0.0,1.0
186,G09_Y2_023_218 ,0.0,0.0,1.0
187,G09_Y2_023_337 ,0.0,0.0,1.0
188,G09_Y2_025_115 ,0.0,1.0,0.0
189,G09_Y2_026_117 ,0.0,1.0,0.0
190,G09_Y2_027_067 ,0.0,0.0,1.0
191,G09_Y2_027_138 ,0.0,0.0,1.0
192,G09_Y2_027_292 ,0.0,0.0,1.0
193,G09_Y2_028_071 ,0.0,1.0,0.0
194,G09_Y2_028_287 ,0.0,0.0,1.0
195,G09_Y2_029_009 ,0.0,1.0,0.0
196,G09_Y2_029_019 ,0.0,0.0,1.0
197,G09_Y2_029_071 ,0.0,1.0,0.0
198,G09_Y2_029_082 ,0.0,1.0,0.0
199,G09_Y2_029_204 ,0.0,1.0,0.0
200,G09_Y2_030_041 ,0.0,1.0,0.0
201,G09_Y2_030_062 ,0.0,1.0,0.0
202,G09_Y2_030_078 ,0.0,0.0,1.0
203,G09_Y2_030_107 ,0.0,1.0,0.0
204,G09_Y2_030_164 ,0.0,0.0,1.0
205,G09_Y2_031_341 ,0.0,1.0,0.0
206,G09_Y2_031_354 ,0.0,1.0,0.0
207,G09_Y2_032_115 ,0.0,1.0,0.0
208,G09_Y2_032_183 ,0.0,0.0,1.0
209,G09_Y2_032_264 ,0.0,0.0,1.0
210,G09_Y2_032_325 ,0.0,0.0,1.0
211,G09_Y2_033_357 ,0.0,0.0,1.0
212,G09_Y2_034_210 ,0.0,0.0,1.0
213,G09_Y2_035_279 ,0.0,1.0,0.0
214,G09_Y2_035_336 ,0.0,0.0,1.0
215,G09_Y2_036_224 ,0.0,0.0,1.0
216,G09_Y2_036_270 ,1.0,0.0,0.0
217,G09_Y2_037_115 ,0.0,1.0,0.0
218,G09_Y2_037_128 ,1.0,0.0,0.0
219,G09_Y2_037_257 ,1.0,0.0,0.0
220,G09_Y2_037_293 ,0.0,0.0,1.0
221,G09_Y2_037_379 ,1.0,0.0,0.0
222,G09_Y2_038_032 ,0.0,0.0,1.0
223,G09_Y2_038_037 ,0.0,0.0,1.0
224,G09_Y2_038_227 ,1.0,0.0,0.0
225,G09_Y2_038_280 ,1.0,0.0,0.0
226,G09_Y2_038_364 ,1.0,0.0,0.0
227,G09_Y2_039_074 ,0.0,0.0,1.0
228,G09_Y2_039_092 ,1.0,0.0,0.0
229,G09_Y2_039_110 ,0.0,1.0,0.0
230,G09_Y2_039_219 ,1.0,0.0,0.0
231,G09_Y2_039_346 ,1.0,0.0,0.0
232,G09_Y2_040_069 ,1.0,0.0,0.0
233,G09_Y2_040_188 ,1.0,0.0,0.0
234,G09_Y2_040_328 ,1.0,0.0,0.0
235,G09_Y2_040_381 ,0.0,1.0,0.0
236,G09_Y2_041_059 ,1.0,0.0,0.0
237,G09_Y2_041_189 ,1.0,0.0,0.0
238,G09_Y2_041_281 ,0.0,0.0,1.0
239,G09_Y2_041_316 ,1.0,0.0,0.0
240,G09_Y2_041_336 ,0.0,0.0,1.0
241,G09_Y2_042_052 ,0.0,0.0,1.0
242,G09_Y3_001_032 ,0.0,0.0,1.0
243,G09_Y3_002_112 ,0.0,1.0,0.0
244,G09_Y3_002_354 ,0.0,1.0,0.0
245,G09_Y3_003_184 ,0.0,0.0,1.0
246,G09_Y3_004_218 ,0.0,0.0,1.0
247,G09_Y3_004_360 ,0.0,1.0,0.0
248,G09_Y3_005_107 ,0.0,1.0,0.0
249,G09_Y3_005_165 ,0.0,1.0,0.0
250,G09_Y3_006_281 ,0.0,0.0,1.0
251,G09_Y3_006_395 ,0.0,1.0,0.0
252,G09_Y3_009_340 ,0.0,0.0,1.0
253,G09_Y3_010_101 ,1.0,0.0,0.0
254,G09_Y3_010_213 ,0.0,0.0,1.0
255,G09_Y3_010_279 ,0.0,1.0,0.0
256,G09_Y3_010_345 ,0.0,1.0,0.0
257,G09_Y3_010_356 ,0.0,1.0,0.0
258,G09_Y3_012_089 ,0.0,0.0,1.0
259,G09_Y3_012_197 ,0.0,0.0,1.0
260,G09_Y3_012_301 ,0.0,0.0,1.0
261,G09_Y3_013_365 ,0.0,1.0,0.0
262,G09_Y3_014_060 ,0.0,1.0,0.0
263,G09_Y3_014_168 ,0.0,1.0,0.0
264,G09_Y3_017_108 ,0.0,1.0,0.0
265,G09_Y3_018_302 ,1.0,0.0,0.0
266,G09_Y3_019_029 ,1.0,0.0,0.0
267,G09_Y3_019_112 ,0.0,1.0,0.0
268,G09_Y3_019_152 ,0.0,0.0,1.0
269,G09_Y3_019_198 ,1.0,0.0,0.0
270,G09_Y3_019_399 ,1.0,0.0,0.0
271,G09_Y3_020_120 ,1.0,0.0,0.0
272,G09_Y3_020_242 ,1.0,0.0,0.0
273,G09_Y3_021_195 ,0.0,0.0,1.0
274,G09_Y3_021_221 ,0.0,0.0,1.0
275,G09_Y3_024_245 ,0.0,0.0,1.0
276,G09_Y3_025_096 ,1.0,0.0,0.0
277,G09_Y3_025_198 ,1.0,0.0,0.0
278,G09_Y3_025_245 ,1.0,0.0,0.0
279,G09_Y3_025_354 ,0.0,1.0,0.0
280,G09_Y3_027_175 ,0.0,0.0,1.0
281,G09_Y3_027_216 ,0.0,1.0,0.0
282,G09_Y3_027_301 ,1.0,0.0,0.0
283,G09_Y3_100_395 ,0.0,1.0,0.0
284,G09_Y4_201_328 ,0.0,1.0,0.0
285,G09_Y4_202_064 ,0.0,1.0,0.0
286,G09_Y4_203_120 ,0.0,1.0,0.0
287,G09_Y4_203_283 ,0.0,1.0,0.0
288,G09_Y4_206_053 ,0.0,0.0,1.0
289,G09_Y4_206_259 ,0.0,0.0,1.0
290,G09_Y4_206_378 ,0.0,1.0,0.0
291,G09_Y4_208_220 ,0.0,0.0,1.0
292,G09_Y4_208_356 ,0.0,1.0,0.0
293,G09_Y4_210_063 ,1.0,0.0,0.0
294,G09_Y4_210_103 ,0.0,1.0,0.0
295,G09_Y4_210_211 ,0.0,1.0,0.0
296,G09_Y4_210_353 ,0.0,1.0,0.0
297,G09_Y4_211_274 ,0.0,0.0,1.0
298,G09_Y4_211_366 ,0.0,0.0,1.0
299,G09_Y4_212_080 ,0.0,1.0,0.0
300,G09_Y4_212_309 ,0.0,0.0,1.0
301,G09_Y4_214_051 ,0.0,0.0,1.0
302,G09_Y4_216_060 ,0.0,1.0,0.0
303,G09_Y4_218_108 ,0.0,1.0,0.0
304,G09_Y4_218_393 ,0.0,1.0,0.0
305,G09_Y4_220_044 ,0.0,0.0,1.0
306,G09_Y4_221_252 ,0.0,1.0,0.0
307,G09_Y4_223_338 ,0.0,0.0,1.0
308,G09_Y4_223_356 ,0.0,1.0,0.0
309,G09_Y4_224_064 ,0.0,1.0,0.0
310,G09_Y4_224_161 ,0.0,1.0,0.0
311,G09_Y4_225_168 ,0.0,1.0,0.0
312,G09_Y4_225_327 ,0.0,0.0,1.0
313,G09_Y4_227_061 ,0.0,1.0,0.0
314,G09_Y4_227_381 ,1.0,0.0,0.0
315,G09_Y4_229_103 ,0.0,1.0,0.0
316,G09_Y4_229_216 ,0.0,1.0,0.0
317,G09_Y4_230_303 ,0.0,0.0,1.0
318,G09_Y4_231_107 ,0.0,1.0,0.0
319,G09_Y4_231_356 ,0.0,0.0,1.0
320,G09_Y4_232_255 ,0.0,0.0,1.0
321,G09_Y4_233_120 ,0.0,0.0,1.0
322,G09_Y4_233_306 ,0.0,0.0,1.0
323,G09_Y4_233_311 ,0.0,0.0,1.0
324,G09_Y4_234_103 ,0.0,1.0,0.0
325,G09_Y4_234_146 ,0.0,0.0,1.0
326,G09_Y4_236_344 ,0.0,0.0,1.0
327,G09_Y4_238_216 ,0.0,1.0,0.0
328,G09_Y4_239_088 ,0.0,0.0,1.0
329,G09_Y4_240_296 ,0.0,0.0,1.0
330,G09_Y4_240_394 ,0.0,0.0,1.0
331,G09_Y4_241_211 ,0.0,1.0,0.0
332,G09_Y4_241_356 ,0.0,1.0,0.0
333,G09_Y4_243_264 ,0.0,1.0,0.0
334,G09_Y4_245_027 ,1.0,0.0,0.0
335,G09_Y4_245_079 ,0.0,1.0,0.0
336,G09_Y4_245_134 ,1.0,0.0,0.0
337,G09_Y4_245_216 ,0.0,1.0,0.0
338,G09_Y4_245_353 ,0.0,1.0,0.0
339,G09_Y4_246_245 ,0.0,0.0,1.0
340,G09_Y4_246_336 ,0.0,0.0,1.0
341,G09_Y4_247_007 ,0.0,0.0,1.0
342,G09_Y4_247_284 ,0.0,0.0,1.0
343,G09_Y4_247_365 ,0.0,0.0,1.0
344,G09_Y4_248_054 ,0.0,0.0,1.0
345,G09_Y4_248_115 ,0.0,1.0,0.0
346,G09_Y4_248_216 ,0.0,1.0,0.0
347,G09_Y4_249_064 ,0.0,1.0,0.0
348,G09_Y4_249_168 ,0.0,1.0,0.0
349,G09_Y4_251_080 ,0.0,1.0,0.0
350,G09_Y4_251_153 ,0.0,0.0,1.0
351,G09_Y4_252_079 ,0.0,1.0,0.0
352,G09_Y4_252_279 ,0.0,1.0,0.0
353,G09_Y4_253_129 ,0.0,0.0,1.0
354,G09_Y4_254_071 ,0.0,1.0,0.0
355,G09_Y4_254_103 ,0.0,1.0,0.0
356,G09_Y4_254_354 ,0.0,1.0,0.0
357,G09_Y4_256_216 ,0.0,1.0,0.0
358,G09_Y4_257_026 ,0.0,1.0,0.0
359,G09_Y4_257_048 ,1.0,0.0,0.0
360,G09_Y4_257_271 ,0.0,1.0,0.0
361,G09_Y4_258_138 ,0.0,0.0,1.0
362,G09_Y4_258_211 ,1.0,0.0,0.0
363,G09_Y4_259_026 ,0.0,1.0,0.0
364,G09_Y4_260_060 ,0.0,1.0,0.0
365,G09_Y4_260_161 ,0.0,1.0,0.0
366,G09_Y4_261_071 ,0.0,1.0,0.0
367,G09_Y4_261_216 ,0.0,1.0,0.0
368,G09_Y4_262_064 ,0.0,1.0,0.0
369,G09_Y4_262_110 ,0.0,1.0,0.0
370,G09_Y4_265_148 ,1.0,0.0,0.0
371,G09_Y4_268_026 ,0.0,1.0,0.0
372,G09_Y5_001_329 ,0.0,0.0,1.0
373,G09_Y5_002_080 ,0.0,1.0,0.0
374,G09_Y5_002_104 ,0.0,1.0,0.0
375,G09_Y5_002_169 ,0.0,0.0,1.0
376,G09_Y5_002_279 ,0.0,1.0,0.0
377,G09_Y5_002_356 ,0.0,1.0,0.0
378,G09_Y5_002_378 ,0.0,1.0,0.0
379,G09_Y5_003_061 ,0.0,1.0,0.0
380,G09_Y5_003_161 ,0.0,1.0,0.0
381,G09_Y5_003_206 ,0.0,0.0,1.0
382,G09_Y5_004_120 ,0.0,1.0,0.0
383,G09_Y5_004_281 ,0.0,1.0,0.0
384,G09_Y5_004_356 ,0.0,1.0,0.0
385,G09_Y5_005_252 ,0.0,1.0,0.0
386,G09_Y5_006_080 ,0.0,1.0,0.0
387,G09_Y5_006_216 ,0.0,1.0,0.0
388,G09_Y5_006_362 ,0.0,1.0,0.0
389,G09_Y5_007_252 ,0.0,1.0,0.0
390,G09_Y5_010_310 ,0.0,0.0,1.0
391,G09_Y5_013_238 ,0.0,0.0,1.0
392,G09_Y5_016_108 ,0.0,1.0,0.0
393,G09_Y5_018_061 ,0.0,1.0,0.0
394,G09_Y5_018_232 ,1.0,0.0,0.0
395,G09_Y5_018_395 ,0.0,1.0,0.0
396,G09_Y5_022_279 ,0.0,1.0,0.0
397,G09_Y5_022_360 ,0.0,1.0,0.0
398,G09_Y5_031_279 ,0.0,1.0,0.0
399,G09_Y5_033_276 ,0.0,1.0,0.0
400,G09_Y5_033_360 ,0.0,1.0,0.0
401,G09_Y5_035_183 ,0.0,0.0,1.0
402,G09_Y5_035_266 ,0.0,0.0,1.0
403,G09_Y5_040_036 ,1.0,0.0,0.0
404,G09_Y5_040_079 ,0.0,1.0,0.0
405,G09_Y5_040_110 ,0.0,1.0,0.0
406,G09_Y5_040_185 ,1.0,0.0,0.0
407,G09_Y5_040_321 ,1.0,0.0,0.0
408,G09_Y5_041_054 ,1.0,0.0,0.0
409,G09_Y5_041_115 ,0.0,1.0,0.0
410,G09_Y5_041_194 ,1.0,0.0,0.0
411,G09_Y5_041_216 ,0.0,1.0,0.0
412,G09_Y5_041_332 ,1.0,0.0,0.0
413,G09_Y5_050_072 ,1.0,0.0,0.0
414,G09_Y5_050_194 ,1.0,0.0,0.0
415,G09_Y5_050_315 ,1.0,0.0,0.0
416,G09_Y5_051_044 ,1.0,0.0,0.0
417,G09_Y5_051_159 ,1.0,0.0,0.0
418,G09_Y5_051_294 ,1.0,0.0,0.0
419,G09_Y6_061_226 ,1.0,0.0,0.0
420,G09_Y6_061_347 ,1.0,0.0,0.0
421,G09_Y6_062_067 ,1.0,0.0,0.0
422,G09_Y6_062_189 ,0.0,0.0,1.0
423,G09_Y6_062_312 ,1.0,0.0,0.0
424,G09_Y6_063_033 ,1.0,0.0,0.0
425,G09_Y6_063_140 ,0.0,0.0,1.0
426,G09_Y6_063_156 ,1.0,0.0,0.0
427,G09_Y6_074_149 ,0.0,0.0,1.0
428,G09_Y6_090_356 ,1.0,0.0,0.0
429,G12_Y1_AD2_031 ,0.0,1.0,0.0
430,G12_Y1_AD2_056 ,0.0,1.0,0.0
431,G12_Y1_AD2_129 ,0.0,1.0,0.0
432,G12_Y1_BD1_060 ,0.0,1.0,0.0
433,G12_Y1_BD1_301 ,0.0,0.0,1.0
434,G12_Y1_BS2_023 ,0.0,1.0,0.0
435,G12_Y1_BS2_271 ,0.0,1.0,0.0
436,G12_Y1_BS2_354 ,0.0,1.0,0.0
437,G12_Y1_CD1_356 ,0.0,1.0,0.0
438,G12_Y1_CS2_216 ,0.0,1.0,0.0
439,G12_Y1_CX1_164 ,0.0,0.0,1.0
440,G12_Y1_CX1_370 ,0.0,0.0,1.0
441,G12_Y1_DD1_060 ,0.0,1.0,0.0
442,G12_Y1_DN1_003 ,0.0,1.0,0.0
443,G12_Y1_DND1_060,0.0,1.0,0.0
444,G12_Y1_DS1_337 ,0.0,0.0,1.0
445,G12_Y1_DS2_071 ,0.0,1.0,0.0
446,G12_Y1_DS2_113 ,0.0,0.0,1.0
447,G12_Y1_DS2_185 ,0.0,0.0,1.0
448,G12_Y1_DX1_387 ,0.0,1.0,0.0
449,G12_Y1_EN1_060 ,0.0,1.0,0.0
450,G12_Y1_END1_023,0.0,1.0,0.0
451,G12_Y1_ES1_274 ,0.0,0.0,1.0
452,G12_Y1_ES1_360 ,0.0,1.0,0.0
453,G12_Y1_EX1_053 ,1.0,0.0,0.0
454,G12_Y1_EX2_079 ,0.0,0.0,1.0
455,G12_Y1_FD1_023 ,0.0,1.0,0.0
456,G12_Y1_FN1_115 ,0.0,1.0,0.0
457,G12_Y1_FND1_064,0.0,1.0,0.0
458,G12_Y1_FS1_003 ,0.0,1.0,0.0
459,G12_Y1_FS1_360 ,0.0,1.0,0.0
460,G12_Y1_FS2_132 ,0.0,1.0,0.0
461,G12_Y1_FS2_165 ,0.0,1.0,0.0
462,G12_Y1_FX2_264 ,0.0,0.0,1.0
463,G12_Y1_GD1_251 ,0.0,0.0,1.0
464,G12_Y1_GS2_003 ,0.0,1.0,0.0
465,G12_Y1_HN1_279 ,0.0,1.0,0.0
466,G12_Y1_HND1_120,0.0,1.0,0.0
467,G12_Y1_HND1_327,0.0,0.0,1.0
468,G12_Y1_HND1_360,0.0,1.0,0.0
469,G12_Y1_HS2_109 ,0.0,1.0,0.0
470,G12_Y1_HS2_341 ,0.0,1.0,0.0
471,G12_Y1_ID1_080 ,0.0,1.0,0.0
472,G12_Y1_IND1_055,0.0,1.0,0.0
473,G12_Y1_IS2_345 ,0.0,1.0,0.0
474,G12_Y1_ND3_107 ,0.0,1.0,0.0
475,G12_Y1_ND4_061 ,0.0,1.0,0.0
476,G12_Y1_ND7_056 ,0.0,1.0,0.0
477,G12_Y1_ND8_080 ,0.0,1.0,0.0
478,G12_Y2_002_202 ,0.0,0.0,1.0
479,G12_Y2_003_107 ,0.0,1.0,0.0
480,G12_Y2_003_129 ,0.0,1.0,0.0
481,G12_Y2_004_271 ,0.0,1.0,0.0
482,G12_Y2_005_381 ,0.0,1.0,0.0
483,G12_Y2_007_116 ,0.0,1.0,0.0
484,G12_Y2_007_348 ,0.0,1.0,0.0
485,G12_Y2_009_147 ,0.0,0.0,1.0
486,G12_Y2_011_354 ,0.0,1.0,0.0
487,G12_Y2_012_395 ,0.0,1.0,0.0
488,G12_Y2_013_348 ,0.0,0.0,1.0
489,G12_Y2_015_117 ,0.0,1.0,0.0
490,G12_Y2_015_216 ,0.0,1.0,0.0
491,G12_Y2_015_345 ,0.0,1.0,0.0
492,G12_Y2_016_381 ,0.0,1.0,0.0
493,G12_Y2_019_395 ,0.0,1.0,0.0
494,G12_Y2_021_323 ,0.0,0.0,1.0
495,G12_Y2_022_140 ,0.0,0.0,1.0
496,G12_Y2_024_345 ,0.0,0.0,1.0
497,G12_Y2_025_169 ,0.0,1.0,0.0
498,G12_Y2_026_216 ,0.0,1.0,0.0
499,G12_Y2_026_341 ,0.0,1.0,0.0
500,G12_Y2_027_224 ,0.0,0.0,1.0
501,G12_Y2_028_062 ,0.0,1.0,0.0
502,G12_Y2_029_071 ,0.0,1.0,0.0
503,G12_Y2_030_201 ,0.0,0.0,1.0
504,G12_Y2_030_381 ,0.0,1.0,0.0
505,G12_Y2_031_028 ,0.0,1.0,0.0
506,G12_Y2_031_201 ,0.0,0.0,1.0
507,G12_Y2_032_107 ,0.0,1.0,0.0
508,G12_Y2_032_387 ,0.0,1.0,0.0
509,G12_Y2_033_023 ,0.0,1.0,0.0
510,G12_Y2_036_103 ,0.0,1.0,0.0
511,G12_Y2_036_125 ,0.0,0.0,1.0
512,G12_Y2_037_064 ,0.0,1.0,0.0
513,G12_Y2_038_008 ,0.0,0.0,1.0
514,G12_Y2_039_023 ,0.0,1.0,0.0
515,G12_Y2_042_064 ,0.0,1.0,0.0
516,G12_Y2_042_161 ,0.0,1.0,0.0
517,G12_Y2_043_119 ,0.0,1.0,0.0
518,G12_Y2_044_367 ,1.0,0.0,0.0
519,G12_Y3_001_089 ,1.0,0.0,0.0
520,G12_Y3_001_213 ,1.0,0.0,0.0
521,G12_Y3_001_337 ,1.0,0.0,0.0
522,G12_Y3_002_060 ,1.0,0.0,0.0
523,G12_Y3_002_184 ,1.0,0.0,0.0
524,G12_Y3_002_304 ,1.0,0.0,0.0
525,G12_Y3_002_365 ,0.0,1.0,0.0
526,G12_Y3_003_023 ,1.0,0.0,0.0
527,G12_Y3_003_140 ,1.0,0.0,0.0
528,G12_Y3_003_254 ,1.0,0.0,0.0
529,G12_Y3_003_387 ,0.0,1.0,0.0
530,G12_Y3_003_391 ,1.0,0.0,0.0
531,G12_Y3_005_190 ,0.0,0.0,1.0
532,G12_Y3_005_278 ,0.0,1.0,0.0
533,G12_Y3_005_353 ,0.0,1.0,0.0
534,G12_Y3_005_360 ,0.0,1.0,0.0
535,G12_Y3_006_062 ,0.0,1.0,0.0
536,G12_Y3_007_193 ,0.0,0.0,1.0
537,G12_Y3_007_356 ,0.0,1.0,0.0
538,G12_Y3_010_064 ,0.0,1.0,0.0
539,G12_Y3_011_120 ,0.0,1.0,0.0
540,G12_Y3_011_354 ,0.0,1.0,0.0
541,G12_Y3_013_047 ,0.0,1.0,0.0
542,G12_Y3_013_169 ,0.0,1.0,0.0
543,G12_Y3_014_174 ,0.0,0.0,1.0
544,G12_Y3_014_360 ,0.0,1.0,0.0
545,G12_Y3_015_064 ,0.0,1.0,0.0
546,G12_Y3_015_107 ,0.0,1.0,0.0
547,G12_Y3_018_008 ,0.0,0.0,1.0
548,G12_Y3_022_276 ,0.0,1.0,0.0
549,G12_Y3_022_381 ,0.0,0.0,1.0
550,G12_Y3_024_020 ,0.0,0.0,1.0
551,G12_Y3_024_345 ,0.0,1.0,0.0
552,G12_Y3_027_293 ,1.0,0.0,0.0
553,G12_Y3_028_249 ,0.0,0.0,1.0
554,G12_Y3_029_118 ,0.0,1.0,0.0
555,G12_Y3_032_112 ,0.0,1.0,0.0
556,G12_Y3_034_115 ,0.0,1.0,0.0
557,G12_Y3_037_179 ,0.0,0.0,1.0
558,G12_Y3_038_139 ,0.0,0.0,1.0
559,G12_Y3_039_323 ,0.0,0.0,1.0
560,G12_Y3_039_328 ,0.0,0.0,1.0
561,G12_Y3_040_117 ,0.0,1.0,0.0
562,G12_Y3_042_108 ,0.0,1.0,0.0
563,G12_Y3_042_118 ,0.0,1.0,0.0
564,G12_Y3_043_314 ,0.0,0.0,1.0
565,G12_Y3_046_341 ,0.0,1.0,0.0
566,G12_Y3_047_296 ,0.0,0.0,1.0
567,G12_Y4_202_380 ,0.0,1.0,0.0
568,G12_Y4_203_056 ,0.0,1.0,0.0
569,G12_Y4_204_345 ,0.0,1.0,0.0
570,G12_Y4_204_356 ,0.0,1.0,0.0
571,G12_Y4_205_308 ,1.0,0.0,0.0
572,G12_Y4_206_160 ,1.0,0.0,0.0
573,G12_Y4_206_291 ,1.0,0.0,0.0
574,G12_Y4_206_356 ,0.0,1.0,0.0
575,G12_Y4_207_014 ,1.0,0.0,0.0
576,G12_Y4_207_145 ,1.0,0.0,0.0
577,G12_Y4_207_271 ,1.0,0.0,0.0
578,G12_Y4_207_397 ,1.0,0.0,0.0
579,G12_Y4_208_123 ,1.0,0.0,0.0
580,G12_Y4_208_171 ,0.0,0.0,1.0
581,G12_Y4_208_246 ,1.0,0.0,0.0
582,G12_Y4_208_377 ,1.0,0.0,0.0
583,G12_Y4_209_104 ,1.0,0.0,0.0
584,G12_Y4_209_232 ,1.0,0.0,0.0
585,G12_Y4_210_079 ,1.0,0.0,0.0
586,G12_Y4_210_213 ,1.0,0.0,0.0
587,G12_Y4_210_340 ,1.0,0.0,0.0
588,G12_Y4_211_064 ,1.0,0.0,0.0
589,G12_Y4_211_203 ,1.0,0.0,0.0
590,G12_Y4_211_340 ,1.0,0.0,0.0
591,G12_Y4_212_083 ,0.0,0.0,1.0
592,G12_Y4_212_227 ,1.0,0.0,0.0
593,G12_Y4_212_348 ,1.0,0.0,0.0
594,G12_Y5_001_080 ,0.0,1.0,0.0
595,G12_Y5_001_276 ,0.0,1.0,0.0
596,G12_Y5_001_360 ,0.0,1.0,0.0
597,G12_Y5_002_060 ,0.0,1.0,0.0
598,G12_Y5_002_103 ,1.0,0.0,0.0
599,G12_Y5_002_110 ,0.0,1.0,0.0
600,G12_Y5_002_242 ,1.0,0.0,0.0
601,G12_Y5_002_248 ,0.0,1.0,0.0
602,G12_Y5_002_366 ,1.0,0.0,0.0
603,G12_Y5_003_379 ,1.0,0.0,0.0
604,G12_Y5_004_126 ,1.0,0.0,0.0
605,G12_Y5_004_260 ,1.0,0.0,0.0
606,G12_Y5_004_360 ,0.0,1.0,0.0
607,G12_Y5_005_003 ,1.0,0.0,0.0
608,G12_Y5_005_136 ,1.0,0.0,0.0
609,G12_Y5_005_273 ,1.0,0.0,0.0
610,G12_Y5_006_006 ,1.0,0.0,0.0
611,G12_Y5_006_120 ,0.0,1.0,0.0
612,G12_Y5_006_140 ,1.0,0.0,0.0
613,G12_Y5_007_029 ,1.0,0.0,0.0
614,G12_Y5_007_178 ,1.0,0.0,0.0
615,G12_Y5_007_309 ,1.0,0.0,0.0
616,G12_Y5_008_029 ,1.0,0.0,0.0
617,G12_Y5_008_188 ,1.0,0.0,0.0
618,G12_Y5_009_048 ,1.0,0.0,0.0
619,G12_Y5_009_335 ,1.0,0.0,0.0
620,G12_Y5_010_080 ,1.0,0.0,0.0
621,G12_Y5_010_216 ,1.0,0.0,0.0
622,G12_Y5_010_346 ,1.0,0.0,0.0
623,G12_Y5_011_026 ,0.0,1.0,0.0
624,G12_Y5_011_120 ,0.0,1.0,0.0
625,G12_Y5_011_222 ,1.0,0.0,0.0
626,G12_Y5_012_109 ,1.0,0.0,0.0
627,G12_Y5_012_168 ,0.0,1.0,0.0
628,G12_Y5_012_247 ,1.0,0.0,0.0
629,G12_Y5_012_371 ,1.0,0.0,0.0
630,G12_Y5_013_255 ,1.0,0.0,0.0
631,G12_Y5_014_079 ,0.0,1.0,0.0
632,G12_Y5_014_115 ,0.0,1.0,0.0
633,G12_Y5_014_128 ,0.0,0.0,1.0
634,G12_Y5_014_138 ,1.0,0.0,0.0
635,G12_Y5_014_271 ,0.0,1.0,0.0
636,G12_Y5_015_144 ,1.0,0.0,0.0
637,G12_Y5_015_168 ,0.0,1.0,0.0
638,G12_Y5_015_279 ,1.0,0.0,0.0
639,G12_Y5_016_011 ,1.0,0.0,0.0
640,G12_Y5_016_154 ,1.0,0.0,0.0
641,G12_Y5_016_295 ,1.0,0.0,0.0
642,G12_Y5_020_029 ,1.0,0.0,0.0
643,G12_Y5_020_177 ,1.0,0.0,0.0
644,G12_Y5_021_041 ,0.0,1.0,0.0
645,G12_Y5_021_064 ,0.0,1.0,0.0
646,G12_Y5_021_329 ,1.0,0.0,0.0
647,G12_Y5_023_048 ,1.0,0.0,0.0
648,G12_Y5_023_203 ,1.0,0.0,0.0
649,G12_Y5_023_337 ,1.0,0.0,0.0
650,G12_Y5_024_227 ,1.0,0.0,0.0
651,G12_Y5_025_088 ,1.0,0.0,0.0
652,G12_Y5_025_235 ,1.0,0.0,0.0
653,G12_Y5_025_355 ,1.0,0.0,0.0
654,G12_Y5_026_080 ,0.0,1.0,0.0
655,G12_Y5_026_233 ,1.0,0.0,0.0
656,G12_Y5_027_120 ,0.0,1.0,0.0
657,G12_Y5_027_257 ,1.0,0.0,0.0
658,G12_Y5_027_271 ,0.0,1.0,0.0
659,G12_Y5_027_396 ,1.0,0.0,0.0
660,G12_Y5_028_060 ,0.0,1.0,0.0
661,G12_Y5_028_135 ,1.0,0.0,0.0
662,G12_Y5_028_161 ,0.0,1.0,0.0
663,G12_Y5_028_234 ,0.0,0.0,1.0
664,G12_Y5_028_272 ,1.0,0.0,0.0
665,G12_Y5_030_005 ,1.0,0.0,0.0
666,G12_Y5_030_154 ,1.0,0.0,0.0
667,G12_Y5_030_287 ,1.0,0.0,0.0
668,G12_Y5_031_120 ,0.0,1.0,0.0
669,G12_Y5_031_156 ,1.0,0.0,0.0
670,G12_Y5_031_296 ,1.0,0.0,0.0
671,G12_Y5_032_163 ,1.0,0.0,0.0
672,G12_Y5_032_296 ,1.0,0.0,0.0
673,G12_Y5_032_355 ,0.0,0.0,1.0
674,G12_Y5_033_031 ,0.0,0.0,1.0
675,G12_Y5_033_046 ,1.0,0.0,0.0
676,G12_Y5_033_064 ,0.0,1.0,0.0
677,G12_Y5_033_194 ,1.0,0.0,0.0
678,G12_Y5_033_321 ,1.0,0.0,0.0
679,G12_Y5_034_045 ,1.0,0.0,0.0
680,G12_Y5_034_120 ,0.0,1.0,0.0
681,G12_Y5_034_190 ,1.0,0.0,0.0
682,G12_Y5_034_329 ,1.0,0.0,0.0
683,G12_Y6_040_063 ,1.0,0.0,0.0
684,G12_Y6_040_197 ,1.0,0.0,0.0
685,G12_Y6_040_314 ,1.0,0.0,0.0
686,G12_Y6_040_347 ,0.0,0.0,1.0
687,G12_Y6_041_030 ,1.0,0.0,0.0
688,G12_Y6_041_157 ,1.0,0.0,0.0
689,G12_Y6_041_274 ,1.0,0.0,0.0
690,G12_Y6_041_398 ,1.0,0.0,0.0
691,G12_Y6_042_126 ,1.0,0.0,0.0
692,G12_Y6_042_245 ,1.0,0.0,0.0
693,G12_Y6_042_367 ,1.0,0.0,0.0
694,G12_Y6_043_218 ,1.0,0.0,0.0
695,G12_Y6_043_336 ,1.0,0.0,0.0
696,G12_Y6_050_174 ,1.0,0.0,0.0
697,G12_Y6_050_294 ,1.0,0.0,0.0
698,G12_Y6_051_021 ,1.0,0.0,0.0
699,G12_Y6_051_139 ,1.0,0.0,0.0
700,G12_Y6_051_258 ,1.0,0.0,0.0
701,G12_Y6_051_324 ,0.0,0.0,1.0
702,G12_Y6_051_388 ,1.0,0.0,0.0
703,G12_Y6_052_109 ,1.0,0.0,0.0
704,G12_Y6_052_229 ,1.0,0.0,0.0
705,G12_Y6_053_081 ,1.0,0.0,0.0
706,G12_Y6_053_207 ,1.0,0.0,0.0
707,G12_Y6_054_151 ,0.0,0.0,1.0
708,G12_Y6_054_169 ,1.0,0.0,0.0
709,G12_Y6_054_291 ,1.0,0.0,0.0
710,G12_Y6_055_012 ,1.0,0.0,0.0
711,G12_Y6_055_136 ,1.0,0.0,0.0
712,G12_Y6_055_253 ,1.0,0.0,0.0
713,G12_Y6_055_378 ,1.0,0.0,0.0
714,G12_Y6_056_097 ,1.0,0.0,0.0
715,G12_Y6_056_224 ,1.0,0.0,0.0
716,G12_Y6_056_264 ,0.0,0.0,1.0
717,G12_Y6_056_342 ,1.0,0.0,0.0
718,G12_Y6_057_069 ,1.0,0.0,0.0
719,G12_Y6_057_171 ,0.0,0.0,1.0
720,G12_Y6_057_190 ,1.0,0.0,0.0
721,G12_Y6_058_034 ,1.0,0.0,0.0
722,G12_Y6_058_051 ,0.0,0.0,1.0
723,G12_Y6_058_155 ,1.0,0.0,0.0
724,G12_Y6_058_160 ,0.0,0.0,1.0
725,G12_Y6_058_276 ,1.0,0.0,0.0
726,G12_Y6_060_002 ,1.0,0.0,0.0
727,G12_Y6_060_126 ,1.0,0.0,0.0
728,G12_Y6_060_247 ,1.0,0.0,0.0
729,G12_Y6_061_094 ,1.0,0.0,0.0
730,G12_Y6_061_219 ,1.0,0.0,0.0
731,G12_Y6_061_334 ,1.0,0.0,0.0
732,G12_Y6_070_058 ,1.0,0.0,0.0
733,G12_Y6_070_178 ,1.0,0.0,0.0
734,G12_Y6_070_298 ,1.0,0.0,0.0
735,G12_Y6_070_357 ,0.0,0.0,1.0
736,G12_Y6_073_027 ,1.0,0.0,0.0
737,G12_Y6_073_147 ,1.0,0.0,0.0
738,G12_Y6_073_268 ,1.0,0.0,0.0
739,G12_Y6_073_391 ,1.0,0.0,0.0
740,G12_Y6_080_234 ,1.0,0.0,0.0
741,G12_Y6_081_082 ,1.0,0.0,0.0
742,G12_Y6_081_202 ,1.0,0.0,0.0
743,G12_Y6_085_164 ,1.0,0.0,0.0
744,G12_Y6_085_283 ,1.0,0.0,0.0
745,G12_Y6_086_151 ,1.0,0.0,0.0
746,G12_Y6_086_197 ,0.0,0.0,1.0
747,G15_Y1_AN1_135 ,1.0,0.0,0.0
748,G15_Y1_AN1_273 ,1.0,0.0,0.0
749,G15_Y1_AN1_385 ,0.0,1.0,0.0
750,G15_Y1_AN2_003 ,0.0,1.0,0.0
751,G15_Y1_AN2_135 ,1.0,0.0,0.0
752,G15_Y1_AS2_127 ,1.0,0.0,0.0
753,G15_Y1_AS2_136 ,0.0,1.0,0.0
754,G15_Y1_AS2_258 ,1.0,0.0,0.0
755,G15_Y1_AS2_389 ,1.0,0.0,0.0
756,G15_Y1_AX1_115 ,0.0,1.0,0.0
757,G15_Y1_AX1_235 ,1.0,0.0,0.0
758,G15_Y1_AX2_228 ,1.0,0.0,0.0
759,G15_Y1_BN1_111 ,0.0,1.0,0.0
760,G15_Y1_BN1_113 ,1.0,0.0,0.0
761,G15_Y1_BN1_248 ,1.0,0.0,0.0
762,G15_Y1_BN1_369 ,1.0,0.0,0.0
763,G15_Y1_BS2_031 ,0.0,1.0,0.0
764,G15_Y1_BS2_216 ,1.0,0.0,0.0
765,G15_Y1_BS2_260 ,0.0,0.0,1.0
766,G15_Y1_BX2_116 ,0.0,1.0,0.0
767,G15_Y1_BX2_345 ,0.0,1.0,0.0
768,G15_Y1_CN1_337 ,1.0,0.0,0.0
769,G15_Y1_CN2_069 ,1.0,0.0,0.0
770,G15_Y1_CN2_212 ,1.0,0.0,0.0
771,G15_Y1_CN2_344 ,1.0,0.0,0.0
772,G15_Y1_CS1_077 ,1.0,0.0,0.0
773,G15_Y1_CS2_206 ,1.0,0.0,0.0
774,G15_Y1_CS2_336 ,1.0,0.0,0.0
775,G15_Y1_CX1_198 ,1.0,0.0,0.0
776,G15_Y1_CX1_343 ,1.0,0.0,0.0
777,G15_Y1_CX1_389 ,0.0,0.0,1.0
778,G15_Y1_CX2_067 ,1.0,0.0,0.0
779,G15_Y1_CX2_119 ,0.0,1.0,0.0
780,G15_Y1_CX2_194 ,1.0,0.0,0.0
781,G15_Y1_CX2_342 ,0.0,1.0,0.0
782,G15_Y1_DN2_057 ,1.0,0.0,0.0
783,G15_Y1_DN2_194 ,1.0,0.0,0.0
784,G15_Y1_DS1_183 ,1.0,0.0,0.0
785,G15_Y1_DS1_309 ,1.0,0.0,0.0
786,G15_Y1_DS1_345 ,0.0,1.0,0.0
787,G15_Y1_DS2_040 ,1.0,0.0,0.0
788,G15_Y1_DS2_175 ,1.0,0.0,0.0
789,G15_Y1_DS2_315 ,1.0,0.0,0.0
790,G15_Y1_EN1_054 ,0.0,1.0,0.0
791,G15_Y1_EN1_191 ,1.0,0.0,0.0
792,G15_Y1_EN1_324 ,1.0,0.0,0.0
793,G15_Y1_EN2_059 ,1.0,0.0,0.0
794,G15_Y1_EN2_103 ,0.0,1.0,0.0
795,G15_Y1_EN2_189 ,1.0,0.0,0.0
796,G15_Y1_EN2_313 ,1.0,0.0,0.0
797,G15_Y1_EN2_341 ,0.0,1.0,0.0
798,G15_Y1_ES1_044 ,1.0,0.0,0.0
799,G15_Y1_ES1_184 ,1.0,0.0,0.0
800,G15_Y1_ES2_056 ,1.0,0.0,0.0
801,G15_Y1_ES2_090 ,1.0,0.0,0.0
802,G15_Y1_ES2_307 ,1.0,0.0,0.0
803,G15_Y1_FN1_170 ,1.0,0.0,0.0
804,G15_Y1_FN1_292 ,1.0,0.0,0.0
805,G15_Y1_FN2_023 ,1.0,0.0,0.0
806,G15_Y1_FN2_166 ,1.0,0.0,0.0
807,G15_Y1_FS1_308 ,1.0,0.0,0.0
808,G15_Y1_FS2_040 ,1.0,0.0,0.0
809,G15_Y1_FS2_170 ,1.0,0.0,0.0
810,G15_Y1_FS2_316 ,1.0,0.0,0.0
811,G15_Y1_GN1_055 ,1.0,0.0,0.0
812,G15_Y1_GN1_161 ,0.0,0.0,1.0
813,G15_Y1_GN1_310 ,1.0,0.0,0.0
814,G15_Y1_GN1_356 ,0.0,1.0,0.0
815,G15_Y1_GN2_043 ,1.0,0.0,0.0
816,G15_Y1_GN2_177 ,1.0,0.0,0.0
817,G15_Y1_GN2_311 ,1.0,0.0,0.0
818,G15_Y1_GS1_051 ,1.0,0.0,0.0
819,G15_Y1_GS1_179 ,1.0,0.0,0.0
820,G15_Y1_GS1_287 ,0.0,0.0,1.0
821,G15_Y1_GS1_310 ,1.0,0.0,0.0
822,G15_Y1_GS2_035 ,1.0,0.0,0.0
823,G15_Y1_GS2_167 ,1.0,0.0,0.0
824,G15_Y1_GS2_335 ,0.0,0.0,1.0
825,G15_Y1_HN1_023 ,1.0,0.0,0.0
826,G15_Y1_HN1_033 ,0.0,0.0,1.0
827,G15_Y1_HN1_064 ,0.0,1.0,0.0
828,G15_Y1_HN1_297 ,1.0,0.0,0.0
829,G15_Y1_HN2_111 ,0.0,1.0,0.0
830,G15_Y1_HN2_159 ,1.0,0.0,0.0
831,G15_Y1_HN2_288 ,1.0,0.0,0.0
832,G15_Y1_HS1_106 ,0.0,1.0,0.0
833,G15_Y1_HS1_119 ,0.0,1.0,0.0
834,G15_Y1_HS1_130 ,0.0,1.0,0.0
835,G15_Y1_HS1_147 ,1.0,0.0,0.0
836,G15_Y1_HS2_004 ,1.0,0.0,0.0
837,G15_Y1_HS2_141 ,1.0,0.0,0.0
838,G15_Y1_HS2_272 ,1.0,0.0,0.0
839,G15_Y1_IN1_013 ,1.0,0.0,0.0
840,G15_Y1_IN1_129 ,0.0,1.0,0.0
841,G15_Y1_IN2_020 ,1.0,0.0,0.0
842,G15_Y1_IN2_151 ,1.0,0.0,0.0
843,G15_Y1_IN2_275 ,1.0,0.0,0.0
844,G15_Y1_IN2_399 ,1.0,0.0,0.0
845,G15_Y1_IS1_003 ,0.0,1.0,0.0
846,G15_Y1_IS1_080 ,0.0,1.0,0.0
847,G15_Y1_IS1_117 ,0.0,1.0,0.0
848,G15_Y1_IS1_183 ,0.0,0.0,1.0
849,G15_Y1_IS1_267 ,1.0,0.0,0.0
850,G15_Y1_IS2_134 ,1.0,0.0,0.0
851,G15_Y1_IS2_261 ,1.0,0.0,0.0
852,G15_Y2_001_121 ,1.0,0.0,0.0
853,G15_Y2_001_245 ,1.0,0.0,0.0
854,G15_Y2_001_376 ,1.0,0.0,0.0
855,G15_Y2_002_098 ,1.0,0.0,0.0
856,G15_Y2_002_224 ,1.0,0.0,0.0
857,G15_Y2_002_361 ,0.0,0.0,1.0
858,G15_Y2_003_087 ,1.0,0.0,0.0
859,G15_Y2_003_208 ,1.0,0.0,0.0
860,G15_Y2_003_276 ,0.0,1.0,0.0
861,G15_Y2_003_342 ,0.0,1.0,0.0
862,G15_Y2_004_068 ,1.0,0.0,0.0
863,G15_Y2_004_195 ,1.0,0.0,0.0
864,G15_Y2_004_329 ,1.0,0.0,0.0
865,G15_Y2_005_060 ,1.0,0.0,0.0
866,G15_Y2_005_091 ,0.0,0.0,1.0
867,G15_Y2_005_183 ,1.0,0.0,0.0
868,G15_Y2_005_257 ,0.0,0.0,1.0
869,G15_Y2_005_276 ,0.0,1.0,0.0
870,G15_Y2_007_023 ,0.0,1.0,0.0
871,G15_Y2_008_165 ,0.0,1.0,0.0
872,G15_Y2_009_112 ,0.0,1.0,0.0
873,G15_Y2_009_241 ,1.0,0.0,0.0
874,G15_Y2_009_372 ,1.0,0.0,0.0
875,G15_Y2_010_064 ,0.0,1.0,0.0
876,G15_Y2_010_104 ,1.0,0.0,0.0
877,G15_Y2_010_225 ,1.0,0.0,0.0
878,G15_Y2_010_360 ,1.0,0.0,0.0
879,G15_Y2_011_082 ,1.0,0.0,0.0
880,G15_Y2_011_207 ,1.0,0.0,0.0
881,G15_Y2_011_331 ,1.0,0.0,0.0
882,G15_Y2_012_068 ,1.0,0.0,0.0
883,G15_Y2_012_191 ,1.0,0.0,0.0
884,G15_Y2_012_317 ,1.0,0.0,0.0
885,G15_Y2_013_047 ,0.0,1.0,0.0
886,G15_Y2_013_174 ,1.0,0.0,0.0
887,G15_Y2_013_306 ,1.0,0.0,0.0
888,G15_Y2_014_036 ,1.0,0.0,0.0
889,G15_Y2_014_162 ,1.0,0.0,0.0
890,G15_Y2_014_286 ,1.0,0.0,0.0
891,G15_Y2_014_389 ,0.0,0.0,1.0
892,G15_Y2_015_142 ,1.0,0.0,0.0
893,G15_Y2_015_210 ,0.0,0.0,1.0
894,G15_Y2_015_366 ,0.0,0.0,1.0
895,G15_Y2_016_253 ,1.0,0.0,0.0
896,G15_Y2_016_382 ,1.0,0.0,0.0
897,G15_Y2_017_175 ,0.0,0.0,1.0
898,G15_Y2_017_239 ,1.0,0.0,0.0
899,G15_Y2_017_345 ,0.0,1.0,0.0
900,G15_Y2_017_356 ,0.0,1.0,0.0
901,G15_Y2_017_364 ,1.0,0.0,0.0
902,G15_Y2_017_389 ,1.0,0.0,0.0
903,G15_Y2_018_093 ,1.0,0.0,0.0
904,G15_Y2_018_129 ,0.0,0.0,1.0
905,G15_Y2_018_220 ,1.0,0.0,0.0
906,G15_Y2_018_345 ,0.0,1.0,0.0
907,G15_Y2_019_075 ,1.0,0.0,0.0
908,G15_Y2_019_198 ,1.0,0.0,0.0
909,G15_Y2_019_327 ,1.0,0.0,0.0
910,G15_Y2_020_181 ,1.0,0.0,0.0
911,G15_Y2_020_307 ,1.0,0.0,0.0
912,G15_Y2_020_326 ,0.0,0.0,1.0
913,G15_Y2_021_038 ,1.0,0.0,0.0
914,G15_Y2_021_168 ,0.0,1.0,0.0
915,G15_Y2_022_071 ,0.0,1.0,0.0
916,G15_Y3_001_120 ,0.0,1.0,0.0
917,G15_Y3_001_228 ,0.0,0.0,1.0
918,G15_Y3_001_258 ,0.0,0.0,1.0
919,G15_Y3_003_275 ,0.0,1.0,0.0
920,G15_Y3_004_001 ,1.0,0.0,0.0
921,G15_Y3_004_107 ,0.0,1.0,0.0
922,G15_Y3_004_302 ,0.0,0.0,1.0
923,G15_Y3_005_101 ,1.0,0.0,0.0
924,G15_Y3_005_222 ,1.0,0.0,0.0
925,G15_Y3_005_264 ,0.0,0.0,1.0
926,G15_Y3_005_341 ,1.0,0.0,0.0
927,G15_Y3_006_067 ,1.0,0.0,0.0
928,G15_Y3_006_108 ,0.0,1.0,0.0
929,G15_Y3_006_120 ,0.0,1.0,0.0
930,G15_Y3_006_211 ,0.0,1.0,0.0
931,G15_Y3_008_279 ,0.0,1.0,0.0
932,G15_Y3_010_204 ,0.0,1.0,0.0
933,G15_Y3_011_235 ,0.0,0.0,1.0
934,G15_Y3_012_157 ,0.0,0.0,1.0
935,G15_Y3_013_253 ,0.0,0.0,1.0
936,G15_Y3_014_240 ,0.0,0.0,1.0
937,G15_Y3_014_360 ,0.0,1.0,0.0
938,G15_Y3_016_056 ,0.0,1.0,0.0
939,G15_Y3_018_292 ,0.0,0.0,1.0
940,G15_Y3_020_064 ,0.0,1.0,0.0
941,G15_Y3_021_115 ,0.0,1.0,0.0
942,G15_Y3_021_136 ,0.0,0.0,1.0
943,G15_Y3_023_116 ,0.0,1.0,0.0
944,G15_Y3_023_341 ,0.0,1.0,0.0
945,G15_Y3_031_117 ,0.0,1.0,0.0
946,G15_Y3_032_116 ,0.0,1.0,0.0
947,G15_Y3_032_345 ,0.0,1.0,0.0
948,G15_Y3_033_381 ,0.0,1.0,0.0
949,G15_Y3_036_116 ,0.0,1.0,0.0
950,G15_Y3_037_174 ,0.0,0.0,1.0
951,G15_Y3_041_395 ,0.0,1.0,0.0
952,G15_Y3_042_071 ,0.0,1.0,0.0
953,G15_Y3_042_115 ,0.0,1.0,0.0
954,G15_Y3_045_117 ,0.0,1.0,0.0
955,G15_Y3_045_341 ,0.0,1.0,0.0
956,G15_Y3_048_115 ,0.0,1.0,0.0
957,G15_Y3_049_385 ,0.0,1.0,0.0
958,G15_Y3_051_117 ,0.0,1.0,0.0
959,G15_Y3_051_341 ,0.0,1.0,0.0
960,G15_Y4_201_241 ,0.0,0.0,1.0
961,G15_Y4_201_360 ,0.0,1.0,0.0
962,G15_Y4_202_060 ,0.0,1.0,0.0
963,G15_Y4_202_080 ,0.0,1.0,0.0
964,G15_Y4_202_252 ,0.0,1.0,0.0
965,G15_Y4_203_281 ,0.0,1.0,0.0
966,G15_Y4_203_354 ,0.0,1.0,0.0
967,G15_Y4_205_079 ,0.0,1.0,0.0
968,G15_Y4_205_393 ,0.0,1.0,0.0
969,G15_Y4_206_262 ,0.0,0.0,1.0
970,G15_Y4_207_060 ,0.0,1.0,0.0
971,G15_Y4_209_060 ,0.0,1.0,0.0
972,G15_Y4_211_168 ,0.0,1.0,0.0
973,G15_Y4_214_168 ,0.0,1.0,0.0
974,G15_Y4_215_107 ,0.0,1.0,0.0
975,G15_Y4_216_026 ,0.0,1.0,0.0
976,G15_Y4_216_393 ,0.0,1.0,0.0
977,G15_Y4_217_026 ,0.0,0.0,1.0
978,G15_Y4_222_167 ,0.0,0.0,1.0
979,G15_Y4_224_161 ,0.0,1.0,0.0
980,G15_Y4_224_365 ,0.0,0.0,1.0
981,G15_Y4_225_081 ,0.0,0.0,1.0
982,G15_Y4_226_161 ,0.0,1.0,0.0
983,G15_Y4_226_390 ,0.0,0.0,1.0
984,G15_Y4_227_112 ,0.0,1.0,0.0
985,G15_Y4_227_222 ,0.0,0.0,1.0
986,G15_Y4_227_345 ,0.0,1.0,0.0
987,G15_Y4_228_360 ,0.0,0.0,1.0
988,G15_Y4_230_232 ,0.0,0.0,1.0
989,G15_Y4_231_110 ,0.0,1.0,0.0
990,G15_Y4_231_345 ,0.0,1.0,0.0
991,G15_Y4_236_064 ,0.0,1.0,0.0
992,G15_Y4_237_048 ,0.0,0.0,1.0
993,G15_Y4_237_103 ,0.0,1.0,0.0
994,G15_Y4_237_216 ,0.0,1.0,0.0
995,G15_Y4_242_395 ,0.0,1.0,0.0
996,G15_Y4_243_093 ,0.0,0.0,1.0
997,G15_Y4_243_356 ,0.0,1.0,0.0
998,G15_Y5_003_061 ,0.0,1.0,0.0
999,G15_Y5_011_064 ,0.0,1.0,0.0
1000,G15_Y5_012_209 ,0.0,0.0,1.0
1001,G15_Y5_012_216 ,0.0,1.0,0.0
1002,G15_Y5_012_354 ,0.0,1.0,0.0
1003,G15_Y5_021_395 ,0.0,1.0,0.0
1004,G15_Y5_022_061 ,0.0,1.0,0.0
1005,G15_Y5_022_169 ,0.0,1.0,0.0
1006,G15_Y5_023_079 ,0.0,1.0,0.0
1007,G15_Y5_023_120 ,0.0,1.0,0.0
1008,G15_Y5_024_107 ,0.0,1.0,0.0
1009,G15_Y5_025_216 ,0.0,1.0,0.0
1010,G15_Y5_030_080 ,0.0,1.0,0.0
1011,G15_Y5_033_110 ,0.0,1.0,0.0
1012,G15_Y5_033_278 ,0.0,1.0,0.0
1013,G15_Y5_033_353 ,0.0,1.0,0.0
1014,G15_Y5_060_115 ,0.0,1.0,0.0
1015,G15_Y6_074_068 ,0.0,0.0,1.0
1016,G15_Y6_081_201 ,0.0,0.0,1.0
1017,G15_Y6_081_348 ,0.0,0.0,1.0
1018,G15_Y6_082_191 ,0.0,0.0,1.0
1019,G23_Y4_001_181 ,0.0,0.0,1.0
1020,G23_Y4_003_045 ,0.0,0.0,1.0
1021,G23_Y4_003_062 ,0.0,0.0,1.0
1022,G23_Y4_003_124 ,0.0,0.0,1.0
1023,G23_Y4_003_191 ,0.0,0.0,1.0
1024,G23_Y4_003_261 ,0.0,0.0,1.0
1025,G23_Y4_004_264 ,0.0,0.0,1.0
1026,G23_Y4_004_363 ,0.0,0.0,1.0
1027,G23_Y4_005_245 ,0.0,0.0,1.0
1028,G23_Y4_005_285 ,0.0,0.0,1.0
1029,G23_Y4_006_123 ,0.0,0.0,1.0
1030,G23_Y4_006_139 ,0.0,0.0,1.0
1031,G23_Y4_006_293 ,0.0,0.0,1.0
1032,G23_Y4_007_049 ,0.0,0.0,1.0
1033,G23_Y4_008_064 ,0.0,1.0,0.0
1034,G23_Y4_008_227 ,0.0,0.0,1.0
1035,G23_Y4_009_237 ,0.0,0.0,1.0
1036,G23_Y4_009_262 ,0.0,0.0,1.0
1037,G23_Y4_009_393 ,0.0,0.0,1.0
1038,G23_Y4_010_108 ,0.0,0.0,1.0
1039,G23_Y4_010_304 ,0.0,0.0,1.0
1040,G23_Y4_010_329 ,0.0,0.0,1.0
1041,G23_Y4_010_372 ,0.0,0.0,1.0
1042,G23_Y4_011_144 ,0.0,0.0,1.0
1043,G23_Y4_011_210 ,0.0,0.0,1.0
1044,G23_Y4_011_335 ,0.0,0.0,1.0
1045,G23_Y4_012_130 ,0.0,0.0,1.0
1046,G23_Y4_012_290 ,0.0,0.0,1.0
1047,G23_Y4_014_093 ,0.0,0.0,1.0
1048,G23_Y4_015_003 ,0.0,0.0,1.0
1049,G23_Y4_015_219 ,0.0,0.0,1.0
1050,G23_Y4_015_304 ,0.0,0.0,1.0
1051,G23_Y4_016_155 ,0.0,0.0,1.0
1052,G23_Y4_016_210 ,0.0,0.0,1.0
1053,G23_Y4_016_278 ,0.0,0.0,1.0
1054,G23_Y4_016_335 ,0.0,0.0,1.0
1055,G23_Y4_017_120 ,0.0,1.0,0.0
1056,G23_Y4_017_173 ,0.0,0.0,1.0
1057,G23_Y4_017_198 ,0.0,0.0,1.0
1058,G23_Y4_017_321 ,0.0,0.0,1.0
1059,G23_Y4_017_368 ,0.0,0.0,1.0
1060,G23_Y4_018_127 ,0.0,0.0,1.0
1061,G23_Y4_018_235 ,0.0,0.0,1.0
1062,G23_Y4_018_318 ,0.0,0.0,1.0
1063,G23_Y4_019_034 ,0.0,0.0,1.0
1064,G23_Y4_019_111 ,0.0,0.0,1.0
1065,G23_Y4_019_195 ,0.0,0.0,1.0
1066,G23_Y4_020_080 ,0.0,0.0,1.0
1067,G23_Y4_020_103 ,0.0,1.0,0.0
1068,G23_Y4_020_136 ,0.0,0.0,1.0
1069,G23_Y5_030_185 ,0.0,0.0,1.0
1070,G23_Y5_031_081 ,0.0,0.0,1.0
1071,G23_Y5_031_183 ,0.0,0.0,1.0
1072,G23_Y5_036_098 ,0.0,0.0,1.0
1073,G23_Y5_036_249 ,0.0,0.0,1.0
1074,G23_Y5_037_349 ,0.0,0.0,1.0
1075,G23_Y5_038_101 ,0.0,0.0,1.0
1076,G23_Y5_039_015 ,0.0,0.0,1.0
1077,G23_Y5_040_182 ,0.0,0.0,1.0
1078,G23_Y5_040_336 ,0.0,0.0,1.0
1079,G23_Y5_041_398 ,0.0,0.0,1.0
1080,G23_Y5_042_362 ,0.0,0.0,1.0
1081,G23_Y5_043_032 ,0.0,0.0,1.0
1082,G23_Y5_043_138 ,0.0,0.0,1.0
1083,G23_Y5_043_167 ,0.0,0.0,1.0
1084,G23_Y5_043_174 ,0.0,0.0,1.0
1085,G23_Y5_043_261 ,0.0,0.0,1.0
1086,G23_Y5_045_068 ,0.0,0.0,1.0
1087,G23_Y5_045_176 ,0.0,0.0,1.0
1088,G23_Y5_045_323 ,0.0,0.0,1.0
1089,G23_Y5_046_089 ,0.0,0.0,1.0
1090,G23_Y5_048_051 ,0.0,0.0,1.0
1091,G23_Y5_048_317 ,0.0,0.0,1.0
1092,G23_Y5_049_358 ,0.0,0.0,1.0
1093,G23_Y5_051_115 ,0.0,1.0,0.0
1094,G23_Y5_051_313 ,0.0,0.0,1.0
1095,G23_Y5_052_216 ,0.0,1.0,0.0
1096,G23_Y5_062_077 ,0.0,0.0,1.0
1097,G23_Y5_063_062 ,0.0,0.0,1.0
1098,G23_Y5_063_084 ,0.0,0.0,1.0
1099,G23_Y5_063_232 ,0.0,0.0,1.0
1100,G23_Y5_064_068 ,0.0,0.0,1.0
1101,G23_Y5_064_172 ,0.0,0.0,1.0
1102,G23_Y5_065_113 ,0.0,0.0,1.0
1103,G23_Y5_065_176 ,0.0,0.0,1.0
1104,G23_Y5_065_247 ,0.0,0.0,1.0
1105,G23_Y5_065_282 ,0.0,0.0,1.0
1106,G23_Y5_066_105 ,0.0,0.0,1.0
1107,G23_Y5_066_385 ,0.0,0.0,1.0
1108,G23_Y5_067_011 ,0.0,0.0,1.0
1109,G23_Y5_067_337 ,0.0,0.0,1.0
1110,G23_Y5_069_101 ,0.0,0.0,1.0
1111,G23_Y5_069_258 ,0.0,0.0,1.0
1112,G23_Y5_070_021 ,0.0,0.0,1.0
1113,G23_Y5_070_308 ,0.0,0.0,1.0
1114,G23_Y5_070_342 ,0.0,0.0,1.0
1115,G23_Y5_071_260 ,0.0,0.0,1.0
1116,G23_Y5_072_263 ,0.0,0.0,1.0
1117,G23_Y5_074_117 ,0.0,0.0,1.0
1118,G23_Y5_076_202 ,0.0,0.0,1.0
1119,G23_Y5_076_227 ,0.0,0.0,1.0
1120,G23_Y5_076_347 ,0.0,0.0,1.0
1121,G23_Y5_077_013 ,0.0,0.0,1.0
1122,G23_Y5_078_269 ,0.0,0.0,1.0
1123,G23_Y5_078_345 ,0.0,0.0,1.0
1124,G23_Y5_079_083 ,0.0,0.0,1.0
1125,G23_Y5_081_025 ,0.0,0.0,1.0
1126,G23_Y5_082_172 ,0.0,0.0,1.0
1127,G23_Y5_082_325 ,0.0,0.0,1.0
1128,G23_Y5_083_321 ,0.0,0.0,1.0
1129,G23_Y7_001_096 ,0.0,0.0,1.0
1130,G23_Y7_001_241 ,0.0,0.0,1.0
1131,G23_Y7_004_249 ,0.0,0.0,1.0
1132,G23_Y7_012_075 ,0.0,0.0,1.0
1133,G23_Y7_012_220 ,0.0,0.0,1.0
1134,G23_Y7_014_291 ,0.0,0.0,1.0
1135,G23_Y7_016_099 ,0.0,0.0,1.0
1136,G23_Y7_016_207 ,0.0,0.0,1.0
1137,G23_Y7_017_042 ,0.0,0.0,1.0
1138,G23_Y7_018_165 ,0.0,0.0,1.0
1139,G23_Y7_019_108 ,0.0,0.0,1.0
1140,G23_Y7_020_092 ,0.0,0.0,1.0
1141,G23_Y7_021_352 ,0.0,0.0,1.0
1142,G23_Y7_021_369 ,0.0,0.0,1.0
1143,G23_Y7_022_187 ,0.0,0.0,1.0
1144,G23_Y7_023_021 ,0.0,0.0,1.0
1145,G23_Y7_023_212 ,0.0,0.0,1.0
1146,G23_Y7_024_386 ,0.0,0.0,1.0
1147,G23_Y7_025_121 ,0.0,0.0,1.0
1148,G23_Y7_025_246 ,0.0,0.0,1.0
1149,G23_Y7_025_311 ,0.0,0.0,1.0
1150,G23_Y7_025_340 ,0.0,0.0,1.0
1151,G23_Y7_025_386 ,0.0,0.0,1.0
1152,G23_Y7_027_033 ,0.0,0.0,1.0
1153,G23_Y7_027_147 ,0.0,0.0,1.0
1154,G23_Y7_028_052 ,0.0,0.0,1.0
1155,G23_Y7_028_099 ,0.0,0.0,1.0
1156,G23_Y7_028_339 ,0.0,0.0,1.0
1157,G23_Y7_029_279 ,0.0,0.0,1.0
1158,G23_Y7_030_005 ,0.0,0.0,1.0
1159,G23_Y7_030_212 ,0.0,0.0,1.0
1160,G23_Y7_031_018 ,0.0,0.0,1.0
1161,G23_Y7_031_105 ,0.0,0.0,1.0
1162,G23_Y7_032_323 ,0.0,0.0,1.0
1163,G23_Y7_035_356 ,0.0,0.0,1.0
1164,G23_Y7_035_392 ,0.0,0.0,1.0
1165,G23_Y7_036_177 ,0.0,0.0,1.0
1166,G23_Y7_036_258 ,0.0,0.0,1.0
1167,G23_Y7_038_175 ,0.0,0.0,1.0
1168,G23_Y7_039_121 ,0.0,0.0,1.0
1169,G23_Y7_041_034 ,0.0,0.0,1.0
1170,G23_Y7_041_186 ,0.0,0.0,1.0
1171,G23_Y7_042_369 ,0.0,0.0,1.0
1172,G23_Y7_044_042 ,0.0,0.0,1.0
1173,G23_Y7_044_287 ,0.0,0.0,1.0
1174,G23_Y7_045_070 ,0.0,0.0,1.0
1175,G23_Y7_045_276 ,0.0,0.0,1.0
1176,G23_Y7_046_214 ,0.0,0.0,1.0
1177,G23_Y7_046_245 ,0.0,0.0,1.0
1178,G23_Y7_051_157 ,0.0,0.0,1.0
1179,G23_Y7_051_191 ,0.0,0.0,1.0
1180,G23_Y7_051_339 ,0.0,0.0,1.0
1181,G23_Y7_054_094 ,0.0,0.0,1.0
1182,G23_Y7_054_251 ,0.0,0.0,1.0
1183,G23_Y7_054_381 ,0.0,0.0,1.0
1184,G23_Y7_055_199 ,0.0,0.0,1.0
1185,G23_Y7_056_062 ,0.0,0.0,1.0
1186,G23_Y7_056_276 ,0.0,0.0,1.0
1187,G23_Y7_056_330 ,0.0,0.0,1.0
1188,G23_Y7_056_351 ,0.0,0.0,1.0
1189,G23_Y7_057_274 ,0.0,0.0,1.0
1190,G23_Y7_058_022 ,0.0,0.0,1.0
1191,G23_Y7_058_080 ,0.0,0.0,1.0
1192,G23_Y7_058_165 ,0.0,0.0,1.0
1193,G23_Y7_060_367 ,0.0,0.0,1.0
1194,G23_Y7_060_372 ,0.0,0.0,1.0
1195,G23_Y7_100_213 ,0.0,0.0,1.0
1196,G23_Y7_105_014 ,0.0,0.0,1.0
1197,G23_Y7_106_064 ,0.0,0.0,1.0
1198,G23_Y7_107_005 ,0.0,0.0,1.0
1199,G23_Y7_107_305 ,0.0,0.0,1.0
