,GAMA spec_ID,Other,Bad Splice
0,G02_Y3_001_342 ,1.0,0.0
1,G02_Y3_002_280 ,1.0,0.0
2,G02_Y3_003_025 ,0.0,1.0
3,G02_Y3_003_229 ,1.0,0.0
4,G02_Y3_004_170 ,1.0,0.0
5,G02_Y3_005_109 ,1.0,0.0
6,G02_Y3_006_054 ,1.0,0.0
7,G02_Y3_006_397 ,1.0,0.0
8,G02_Y3_007_025 ,0.0,1.0
9,G02_Y3_007_335 ,1.0,0.0
10,G02_Y3_009_025 ,0.0,1.0
11,G02_Y3_009_286 ,1.0,0.0
12,G02_Y3_012_025 ,0.0,1.0
13,G02_Y3_012_226 ,1.0,0.0
14,G02_Y3_013_175 ,0.0,1.0
15,G02_Y3_013_202 ,1.0,0.0
16,G02_Y3_014_111 ,1.0,0.0
17,G02_Y3_015_054 ,1.0,0.0
18,G02_Y3_016_001 ,1.0,0.0
19,G02_Y3_016_343 ,1.0,0.0
20,G02_Y3_018_287 ,1.0,0.0
21,G02_Y3_019_233 ,1.0,0.0
22,G02_Y3_020_173 ,1.0,0.0
23,G02_Y4_001_126 ,0.0,1.0
24,G02_Y4_002_083 ,0.0,1.0
25,G02_Y4_021_035 ,0.0,1.0
26,G02_Y4_021_389 ,1.0,0.0
27,G02_Y4_024_349 ,1.0,0.0
28,G02_Y4_025_306 ,1.0,0.0
29,G02_Y4_026_288 ,1.0,0.0
30,G02_Y4_027_244 ,0.0,1.0
31,G02_Y4_028_199 ,1.0,0.0
32,G02_Y4_029_180 ,0.0,1.0
33,G02_Y4_031_078 ,1.0,0.0
34,G02_Y4_032_061 ,1.0,0.0
35,G02_Y4_033_012 ,0.0,1.0
36,G02_Y4_033_372 ,0.0,1.0
37,G02_Y4_034_337 ,1.0,0.0
38,G02_Y4_035_305 ,1.0,0.0
39,G02_Y4_036_273 ,1.0,0.0
40,G02_Y4_037_225 ,1.0,0.0
41,G02_Y4_038_197 ,0.0,1.0
42,G02_Y4_039_148 ,0.0,1.0
43,G02_Y4_040_114 ,1.0,0.0
44,G02_Y4_041_098 ,1.0,0.0
45,G02_Y4_042_058 ,0.0,1.0
46,G02_Y4_043_010 ,0.0,1.0
47,G02_Y4_043_376 ,1.0,0.0
48,G02_Y4_044_342 ,1.0,0.0
49,G02_Y4_045_307 ,1.0,0.0
50,G02_Y5_050_284 ,1.0,0.0
51,G02_Y5_051_271 ,1.0,0.0
52,G02_Y5_052_257 ,1.0,0.0
53,G02_Y5_053_230 ,0.0,1.0
54,G02_Y5_054_224 ,1.0,0.0
55,G02_Y5_055_217 ,1.0,0.0
56,G02_Y5_056_175 ,1.0,0.0
57,G02_Y5_057_165 ,1.0,0.0
58,G02_Y5_058_142 ,1.0,0.0
59,G02_Y5_059_138 ,0.0,1.0
60,G02_Y5_060_101 ,1.0,0.0
61,G02_Y5_071_074 ,1.0,0.0
62,G02_Y5_071_396 ,0.0,1.0
63,G02_Y5_072_324 ,0.0,1.0
64,G02_Y5_073_254 ,0.0,1.0
65,G02_Y5_074_183 ,1.0,0.0
66,G02_Y5_075_123 ,1.0,0.0
67,G02_Y5_076_044 ,0.0,1.0
68,G02_Y5_076_374 ,1.0,0.0
69,G02_Y5_077_302 ,0.0,1.0
70,G02_Y5_078_233 ,1.0,0.0
71,G02_Y5_079_152 ,1.0,0.0
72,G02_Y5_080_086 ,0.0,1.0
73,G02_Y5_082_016 ,1.0,0.0
74,G02_Y5_082_340 ,1.0,0.0
75,G02_Y5_083_263 ,1.0,0.0
76,G02_Y5_084_194 ,1.0,0.0
77,G02_Y5_085_122 ,1.0,0.0
78,G02_Y5_086_048 ,1.0,0.0
79,G02_Y5_086_378 ,0.0,1.0
80,G02_Y5_087_305 ,0.0,1.0
81,G02_Y5_088_241 ,1.0,0.0
82,G02_Y5_089_158 ,1.0,0.0
83,G02_Y5_091_096 ,1.0,0.0
84,G02_Y5_092_017 ,1.0,0.0
85,G02_Y5_092_344 ,1.0,0.0
86,G02_Y5_093_272 ,1.0,0.0
87,G02_Y5_094_194 ,0.0,1.0
88,G02_Y5_095_127 ,1.0,0.0
89,G02_Y5_096_384 ,0.0,1.0
90,G02_Y5_100_314 ,1.0,0.0
91,G02_Y5_101_240 ,1.0,0.0
92,G02_Y5_104_162 ,1.0,0.0
93,G02_Y5_105_104 ,1.0,0.0
94,G02_Y5_106_036 ,0.0,1.0
95,G02_Y5_106_366 ,0.0,1.0
96,G02_Y5_107_292 ,1.0,0.0
97,G02_Y5_108_218 ,0.0,1.0
98,G02_Y5_109_156 ,1.0,0.0
99,G02_Y5_110_079 ,1.0,0.0
100,G02_Y5_111_013 ,1.0,0.0
101,G02_Y5_111_345 ,1.0,0.0
102,G02_Y5_112_264 ,1.0,0.0
103,G02_Y5_112_264 ,1.0,0.0
104,G02_Y5_113_192 ,1.0,0.0
105,G02_Y5_114_147 ,1.0,0.0
106,G02_Y5_115_065 ,0.0,1.0
107,G02_Y5_115_394 ,1.0,0.0
108,G02_Y5_116_329 ,1.0,0.0
109,G02_Y6_002_253 ,1.0,0.0
110,G02_Y6_003_188 ,0.0,1.0
111,G02_Y6_004_119 ,0.0,1.0
112,G02_Y6_005_054 ,0.0,1.0
113,G02_Y6_005_384 ,1.0,0.0
114,G02_Y6_006_314 ,1.0,0.0
115,G02_Y6_007_253 ,0.0,1.0
116,G02_Y6_008_184 ,1.0,0.0
117,G02_Y6_009_107 ,0.0,1.0
118,G02_Y6_010_047 ,0.0,1.0
119,G02_Y6_010_375 ,0.0,1.0
120,G02_Y6_013_013 ,1.0,0.0
121,G02_Y6_013_341 ,1.0,0.0
122,G02_Y6_014_280 ,1.0,0.0
123,G02_Y6_015_212 ,1.0,0.0
124,G02_Y6_016_136 ,0.0,1.0
125,G02_Y6_017_079 ,1.0,0.0
126,G09_Y1_AN1_006 ,1.0,0.0
127,G09_Y1_AN1_124 ,1.0,0.0
128,G09_Y1_AN1_360 ,1.0,0.0
129,G09_Y1_AN2_327 ,1.0,0.0
130,G09_Y1_AS1_292 ,1.0,0.0
131,G09_Y1_AS2_247 ,1.0,0.0
132,G09_Y1_AX1_209 ,1.0,0.0
133,G09_Y1_AX2_162 ,1.0,0.0
134,G09_Y1_BN1_118 ,1.0,0.0
135,G09_Y1_BN2_068 ,1.0,0.0
136,G09_Y1_BS1_036 ,1.0,0.0
137,G09_Y1_BS2_006 ,1.0,0.0
138,G09_Y1_BS2_297 ,1.0,0.0
139,G09_Y1_BS2_354 ,1.0,0.0
140,G09_Y1_BS2_385 ,0.0,1.0
141,G09_Y1_BX1_328 ,1.0,0.0
142,G09_Y1_BX1_376 ,0.0,1.0
143,G09_Y1_BX2_276 ,1.0,0.0
144,G09_Y1_CN1_221 ,1.0,0.0
145,G09_Y1_CN2_178 ,1.0,0.0
146,G09_Y1_CS1_140 ,1.0,0.0
147,G09_Y1_CS2_099 ,1.0,0.0
148,G09_Y1_CX1_047 ,1.0,0.0
149,G09_Y1_CX1_393 ,1.0,0.0
150,G09_Y1_CX2_363 ,1.0,0.0
151,G09_Y1_DN1_330 ,0.0,1.0
152,G09_Y1_DN2_278 ,1.0,0.0
153,G09_Y1_DS1_237 ,1.0,0.0
154,G09_Y1_DS2_185 ,1.0,0.0
155,G09_Y1_DX1_169 ,1.0,0.0
156,G09_Y1_DX2_123 ,1.0,0.0
157,G09_Y1_EN1_069 ,1.0,0.0
158,G09_Y1_EN2_031 ,1.0,0.0
159,G09_Y1_EN2_379 ,1.0,0.0
160,G09_Y1_ES1_331 ,1.0,0.0
161,G09_Y1_ES2_286 ,1.0,0.0
162,G09_Y1_EX1_261 ,1.0,0.0
163,G09_Y1_EX2_217 ,1.0,0.0
164,G09_Y1_FN1_176 ,1.0,0.0
165,G09_Y1_FN2_138 ,1.0,0.0
166,G09_Y1_FS1_084 ,1.0,0.0
167,G09_Y1_FS2_035 ,1.0,0.0
168,G09_Y1_FS2_399 ,0.0,1.0
169,G09_Y1_FX1_370 ,1.0,0.0
170,G09_Y1_FX2_316 ,1.0,0.0
171,G09_Y1_GN1_267 ,1.0,0.0
172,G09_Y1_GN2_228 ,1.0,0.0
173,G09_Y1_GN2_389 ,1.0,0.0
174,G09_Y1_GS1_174 ,1.0,0.0
175,G09_Y1_GS2_137 ,1.0,0.0
176,G09_Y1_GX1_111 ,1.0,0.0
177,G09_Y1_HN1_075 ,1.0,0.0
178,G09_Y1_HN2_021 ,1.0,0.0
179,G09_Y1_HN2_389 ,0.0,1.0
180,G09_Y1_HS1_345 ,1.0,0.0
181,G09_Y1_HS2_311 ,1.0,0.0
182,G09_Y1_HS2_364 ,0.0,1.0
183,G09_Y1_IN1_221 ,0.0,1.0
184,G09_Y1_IN1_278 ,1.0,0.0
185,G09_Y1_IN2_235 ,1.0,0.0
186,G09_Y1_IS1_191 ,1.0,0.0
187,G09_Y1_IS2_142 ,1.0,0.0
188,G09_Y1_test_095,1.0,0.0
189,G09_Y2_002_044 ,1.0,0.0
190,G09_Y2_002_396 ,1.0,0.0
191,G09_Y2_003_007 ,1.0,0.0
192,G09_Y2_003_336 ,1.0,0.0
193,G09_Y2_004_269 ,1.0,0.0
194,G09_Y2_005_219 ,1.0,0.0
195,G09_Y2_006_155 ,1.0,0.0
196,G09_Y2_007_108 ,1.0,0.0
197,G09_Y2_008_053 ,1.0,0.0
198,G09_Y2_008_394 ,1.0,0.0
199,G09_Y2_009_342 ,1.0,0.0
200,G09_Y2_010_111 ,0.0,1.0
201,G09_Y2_010_286 ,1.0,0.0
202,G09_Y2_011_001 ,0.0,1.0
203,G09_Y2_011_027 ,0.0,1.0
204,G09_Y2_011_054 ,0.0,1.0
205,G09_Y2_011_056 ,0.0,1.0
206,G09_Y2_011_059 ,0.0,1.0
207,G09_Y2_011_063 ,0.0,1.0
208,G09_Y2_011_070 ,0.0,1.0
209,G09_Y2_011_196 ,0.0,1.0
210,G09_Y2_011_233 ,1.0,0.0
211,G09_Y2_011_270 ,0.0,1.0
212,G09_Y2_011_387 ,0.0,1.0
213,G09_Y2_012_029 ,0.0,1.0
214,G09_Y2_012_035 ,0.0,1.0
215,G09_Y2_012_045 ,0.0,1.0
216,G09_Y2_012_073 ,0.0,1.0
217,G09_Y2_012_086 ,0.0,1.0
218,G09_Y2_012_171 ,1.0,0.0
219,G09_Y2_012_253 ,0.0,1.0
220,G09_Y2_012_358 ,0.0,1.0
221,G09_Y2_012_367 ,0.0,1.0
222,G09_Y2_012_384 ,0.0,1.0
223,G09_Y2_013_003 ,0.0,1.0
224,G09_Y2_013_006 ,0.0,1.0
225,G09_Y2_013_012 ,0.0,1.0
226,G09_Y2_013_017 ,0.0,1.0
227,G09_Y2_013_126 ,1.0,0.0
228,G09_Y2_014_069 ,1.0,0.0
229,G09_Y2_014_212 ,0.0,1.0
230,G09_Y2_014_223 ,0.0,1.0
231,G09_Y2_014_255 ,0.0,1.0
232,G09_Y2_014_369 ,0.0,1.0
233,G09_Y2_015_007 ,1.0,0.0
234,G09_Y2_015_049 ,0.0,1.0
235,G09_Y2_015_131 ,0.0,1.0
236,G09_Y2_015_154 ,1.0,0.0
237,G09_Y2_015_154 ,1.0,0.0
238,G09_Y2_015_253 ,0.0,1.0
239,G09_Y2_015_349 ,1.0,0.0
240,G09_Y2_016_293 ,1.0,0.0
241,G09_Y2_017_237 ,1.0,0.0
242,G09_Y2_018_181 ,1.0,0.0
243,G09_Y2_019_126 ,1.0,0.0
244,G09_Y2_020_075 ,1.0,0.0
245,G09_Y2_021_014 ,1.0,0.0
246,G09_Y2_021_365 ,1.0,0.0
247,G09_Y2_022_298 ,1.0,0.0
248,G09_Y2_023_242 ,1.0,0.0
249,G09_Y2_024_191 ,1.0,0.0
250,G09_Y2_025_136 ,0.0,1.0
251,G09_Y2_026_084 ,1.0,0.0
252,G09_Y2_027_028 ,0.0,1.0
253,G09_Y2_027_147 ,0.0,1.0
254,G09_Y2_027_374 ,1.0,0.0
255,G09_Y2_028_311 ,1.0,0.0
256,G09_Y2_029_010 ,0.0,1.0
257,G09_Y2_029_027 ,0.0,1.0
258,G09_Y2_029_248 ,1.0,0.0
259,G09_Y2_030_201 ,1.0,0.0
260,G09_Y2_031_027 ,0.0,1.0
261,G09_Y2_031_153 ,0.0,1.0
262,G09_Y2_032_092 ,1.0,0.0
263,G09_Y2_033_036 ,1.0,0.0
264,G09_Y2_033_378 ,1.0,0.0
265,G09_Y2_034_329 ,1.0,0.0
266,G09_Y2_034_352 ,0.0,1.0
267,G09_Y2_035_268 ,1.0,0.0
268,G09_Y2_036_029 ,0.0,1.0
269,G09_Y2_036_086 ,0.0,1.0
270,G09_Y2_036_218 ,1.0,0.0
271,G09_Y2_037_024 ,0.0,1.0
272,G09_Y2_037_175 ,1.0,0.0
273,G09_Y2_038_099 ,1.0,0.0
274,G09_Y2_039_057 ,1.0,0.0
275,G09_Y2_039_398 ,1.0,0.0
276,G09_Y2_040_341 ,0.0,1.0
277,G09_Y2_041_019 ,0.0,1.0
278,G09_Y2_041_046 ,0.0,1.0
279,G09_Y2_041_292 ,1.0,0.0
280,G09_Y2_042_229 ,1.0,0.0
281,G09_Y3_001_173 ,1.0,0.0
282,G09_Y3_002_102 ,1.0,0.0
283,G09_Y3_003_034 ,1.0,0.0
284,G09_Y3_003_363 ,1.0,0.0
285,G09_Y3_004_292 ,1.0,0.0
286,G09_Y3_005_228 ,1.0,0.0
287,G09_Y3_006_155 ,1.0,0.0
288,G09_Y3_007_086 ,1.0,0.0
289,G09_Y3_008_015 ,0.0,1.0
290,G09_Y3_008_342 ,1.0,0.0
291,G09_Y3_009_009 ,0.0,1.0
292,G09_Y3_009_275 ,1.0,0.0
293,G09_Y3_010_201 ,1.0,0.0
294,G09_Y3_011_125 ,1.0,0.0
295,G09_Y3_012_058 ,0.0,1.0
296,G09_Y3_012_385 ,1.0,0.0
297,G09_Y3_013_323 ,1.0,0.0
298,G09_Y3_014_245 ,1.0,0.0
299,G09_Y3_014_315 ,1.0,0.0
300,G09_Y3_015_177 ,1.0,0.0
301,G09_Y3_016_019 ,0.0,1.0
302,G09_Y3_016_108 ,1.0,0.0
303,G09_Y3_017_040 ,1.0,0.0
304,G09_Y3_017_372 ,1.0,0.0
305,G09_Y3_018_298 ,1.0,0.0
306,G09_Y3_018_315 ,0.0,1.0
307,G09_Y3_019_233 ,1.0,0.0
308,G09_Y3_020_165 ,1.0,0.0
309,G09_Y3_021_102 ,1.0,0.0
310,G09_Y3_022_033 ,1.0,0.0
311,G09_Y3_022_313 ,1.0,0.0
312,G09_Y3_022_367 ,1.0,0.0
313,G09_Y3_023_308 ,1.0,0.0
314,G09_Y3_024_234 ,1.0,0.0
315,G09_Y3_025_163 ,1.0,0.0
316,G09_Y3_026_096 ,1.0,0.0
317,G09_Y3_026_315 ,0.0,1.0
318,G09_Y3_026_321 ,1.0,0.0
319,G09_Y3_026_362 ,1.0,0.0
320,G09_Y3_027_034 ,1.0,0.0
321,G09_Y3_027_305 ,1.0,0.0
322,G09_Y3_027_385 ,0.0,1.0
323,G09_Y3_100_009 ,0.0,1.0
324,G09_Y3_100_322 ,1.0,0.0
325,G09_Y4_201_266 ,1.0,0.0
326,G09_Y4_202_221 ,0.0,1.0
327,G09_Y4_203_158 ,1.0,0.0
328,G09_Y4_204_096 ,1.0,0.0
329,G09_Y4_205_015 ,0.0,1.0
330,G09_Y4_205_035 ,0.0,1.0
331,G09_Y4_205_381 ,0.0,1.0
332,G09_Y4_206_326 ,1.0,0.0
333,G09_Y4_207_264 ,1.0,0.0
334,G09_Y4_208_209 ,1.0,0.0
335,G09_Y4_210_147 ,1.0,0.0
336,G09_Y4_211_048 ,0.0,1.0
337,G09_Y4_211_086 ,1.0,0.0
338,G09_Y4_212_031 ,1.0,0.0
339,G09_Y4_212_373 ,1.0,0.0
340,G09_Y4_213_320 ,0.0,1.0
341,G09_Y4_214_260 ,0.0,1.0
342,G09_Y4_215_198 ,1.0,0.0
343,G09_Y4_216_018 ,0.0,1.0
344,G09_Y4_216_039 ,0.0,1.0
345,G09_Y4_216_139 ,1.0,0.0
346,G09_Y4_217_024 ,0.0,1.0
347,G09_Y4_217_040 ,0.0,1.0
348,G09_Y4_217_043 ,0.0,1.0
349,G09_Y4_217_078 ,0.0,1.0
350,G09_Y4_217_315 ,0.0,1.0
351,G09_Y4_218_024 ,1.0,0.0
352,G09_Y4_218_369 ,1.0,0.0
353,G09_Y4_219_160 ,1.0,0.0
354,G09_Y4_219_314 ,1.0,0.0
355,G09_Y4_219_394 ,0.0,1.0
356,G09_Y4_220_034 ,0.0,1.0
357,G09_Y4_220_251 ,1.0,0.0
358,G09_Y4_221_004 ,1.0,0.0
359,G09_Y4_221_019 ,0.0,1.0
360,G09_Y4_221_209 ,1.0,0.0
361,G09_Y4_221_271 ,1.0,0.0
362,G09_Y4_221_389 ,0.0,1.0
363,G09_Y4_222_133 ,1.0,0.0
364,G09_Y4_222_383 ,0.0,1.0
365,G09_Y4_223_076 ,1.0,0.0
366,G09_Y4_224_021 ,0.0,1.0
367,G09_Y4_224_160 ,1.0,0.0
368,G09_Y4_224_338 ,1.0,0.0
369,G09_Y4_224_367 ,1.0,0.0
370,G09_Y4_224_371 ,1.0,0.0
371,G09_Y4_225_029 ,0.0,1.0
372,G09_Y4_225_172 ,0.0,1.0
373,G09_Y4_225_312 ,1.0,0.0
374,G09_Y4_226_008 ,0.0,1.0
375,G09_Y4_226_010 ,0.0,1.0
376,G09_Y4_226_017 ,0.0,1.0
377,G09_Y4_226_027 ,0.0,1.0
378,G09_Y4_226_045 ,0.0,1.0
379,G09_Y4_226_047 ,0.0,1.0
380,G09_Y4_226_056 ,0.0,1.0
381,G09_Y4_226_059 ,0.0,1.0
382,G09_Y4_226_245 ,0.0,1.0
383,G09_Y4_226_294 ,0.0,1.0
384,G09_Y4_227_008 ,0.0,1.0
385,G09_Y4_227_013 ,1.0,0.0
386,G09_Y4_227_013 ,1.0,0.0
387,G09_Y4_227_019 ,0.0,1.0
388,G09_Y4_227_021 ,0.0,1.0
389,G09_Y4_227_022 ,0.0,1.0
390,G09_Y4_227_042 ,0.0,1.0
391,G09_Y4_227_048 ,0.0,1.0
392,G09_Y4_227_052 ,0.0,1.0
393,G09_Y4_227_053 ,0.0,1.0
394,G09_Y4_227_054 ,1.0,0.0
395,G09_Y4_227_054 ,1.0,0.0
396,G09_Y4_227_058 ,0.0,1.0
397,G09_Y4_227_084 ,0.0,1.0
398,G09_Y4_227_134 ,1.0,0.0
399,G09_Y4_227_151 ,1.0,0.0
400,G09_Y4_227_198 ,0.0,1.0
401,G09_Y4_227_218 ,0.0,1.0
402,G09_Y4_227_282 ,0.0,1.0
403,G09_Y4_227_364 ,0.0,1.0
404,G09_Y4_227_384 ,0.0,1.0
405,G09_Y4_227_385 ,0.0,1.0
406,G09_Y4_227_386 ,1.0,0.0
407,G09_Y4_227_387 ,1.0,0.0
408,G09_Y4_227_392 ,1.0,0.0
409,G09_Y4_228_016 ,0.0,1.0
410,G09_Y4_228_029 ,0.0,1.0
411,G09_Y4_228_138 ,1.0,0.0
412,G09_Y4_228_267 ,1.0,0.0
413,G09_Y4_228_315 ,1.0,0.0
414,G09_Y4_229_005 ,0.0,1.0
415,G09_Y4_229_028 ,0.0,1.0
416,G09_Y4_229_068 ,1.0,0.0
417,G09_Y4_230_009 ,0.0,1.0
418,G09_Y4_230_015 ,1.0,0.0
419,G09_Y4_230_287 ,0.0,1.0
420,G09_Y4_230_362 ,1.0,0.0
421,G09_Y4_231_308 ,1.0,0.0
422,G09_Y4_232_243 ,1.0,0.0
423,G09_Y4_233_181 ,1.0,0.0
424,G09_Y4_234_127 ,1.0,0.0
425,G09_Y4_235_057 ,0.0,1.0
426,G09_Y4_235_077 ,0.0,1.0
427,G09_Y4_235_223 ,0.0,1.0
428,G09_Y4_236_015 ,1.0,0.0
429,G09_Y4_236_361 ,1.0,0.0
430,G09_Y4_237_294 ,0.0,1.0
431,G09_Y4_237_298 ,1.0,0.0
432,G09_Y4_238_268 ,1.0,0.0
433,G09_Y4_239_235 ,1.0,0.0
434,G09_Y4_240_188 ,1.0,0.0
435,G09_Y4_241_141 ,0.0,1.0
436,G09_Y4_242_108 ,1.0,0.0
437,G09_Y4_243_093 ,1.0,0.0
438,G09_Y4_244_064 ,1.0,0.0
439,G09_Y4_245_017 ,1.0,0.0
440,G09_Y4_245_384 ,1.0,0.0
441,G09_Y4_246_353 ,1.0,0.0
442,G09_Y4_247_313 ,1.0,0.0
443,G09_Y4_248_289 ,0.0,1.0
444,G09_Y4_249_254 ,1.0,0.0
445,G09_Y4_250_215 ,1.0,0.0
446,G09_Y4_251_164 ,0.0,1.0
447,G09_Y4_252_125 ,1.0,0.0
448,G09_Y4_253_107 ,1.0,0.0
449,G09_Y4_254_061 ,1.0,0.0
450,G09_Y4_255_041 ,1.0,0.0
451,G09_Y4_255_394 ,1.0,0.0
452,G09_Y4_256_364 ,0.0,1.0
453,G09_Y4_257_333 ,1.0,0.0
454,G09_Y4_258_307 ,1.0,0.0
455,G09_Y4_259_262 ,1.0,0.0
456,G09_Y4_260_243 ,0.0,1.0
457,G09_Y4_261_191 ,1.0,0.0
458,G09_Y4_262_161 ,1.0,0.0
459,G09_Y4_263_110 ,1.0,0.0
460,G09_Y4_265_079 ,1.0,0.0
461,G09_Y4_266_066 ,1.0,0.0
462,G09_Y4_268_016 ,0.0,1.0
463,G09_Y4_268_379 ,1.0,0.0
464,G09_Y4_269_346 ,1.0,0.0
465,G09_Y5_001_313 ,1.0,0.0
466,G09_Y5_002_268 ,1.0,0.0
467,G09_Y5_003_249 ,1.0,0.0
468,G09_Y5_004_220 ,1.0,0.0
469,G09_Y5_005_203 ,1.0,0.0
470,G09_Y5_006_155 ,1.0,0.0
471,G09_Y5_007_133 ,1.0,0.0
472,G09_Y5_010_102 ,1.0,0.0
473,G09_Y5_011_003 ,0.0,1.0
474,G09_Y5_011_065 ,0.0,1.0
475,G09_Y5_012_002 ,0.0,1.0
476,G09_Y5_012_004 ,0.0,1.0
477,G09_Y5_012_006 ,0.0,1.0
478,G09_Y5_012_008 ,0.0,1.0
479,G09_Y5_012_027 ,0.0,1.0
480,G09_Y5_012_031 ,0.0,1.0
481,G09_Y5_012_032 ,0.0,1.0
482,G09_Y5_012_038 ,0.0,1.0
483,G09_Y5_012_065 ,0.0,1.0
484,G09_Y5_012_072 ,0.0,1.0
485,G09_Y5_012_078 ,0.0,1.0
486,G09_Y5_012_304 ,0.0,1.0
487,G09_Y5_012_306 ,1.0,0.0
488,G09_Y5_012_312 ,1.0,0.0
489,G09_Y5_012_322 ,1.0,0.0
490,G09_Y5_012_323 ,0.0,1.0
491,G09_Y5_012_328 ,1.0,0.0
492,G09_Y5_012_335 ,1.0,0.0
493,G09_Y5_012_339 ,1.0,0.0
494,G09_Y5_012_340 ,0.0,1.0
495,G09_Y5_012_346 ,1.0,0.0
496,G09_Y5_012_347 ,1.0,0.0
497,G09_Y5_012_355 ,0.0,1.0
498,G09_Y5_012_359 ,0.0,1.0
499,G09_Y5_012_363 ,0.0,1.0
500,G09_Y5_012_365 ,0.0,1.0
501,G09_Y5_012_392 ,1.0,0.0
502,G09_Y5_013_294 ,0.0,1.0
503,G09_Y5_013_373 ,1.0,0.0
504,G09_Y5_014_346 ,1.0,0.0
505,G09_Y5_015_002 ,0.0,1.0
506,G09_Y5_015_004 ,0.0,1.0
507,G09_Y5_015_031 ,0.0,1.0
508,G09_Y5_015_034 ,0.0,1.0
509,G09_Y5_015_036 ,0.0,1.0
510,G09_Y5_015_037 ,0.0,1.0
511,G09_Y5_015_038 ,0.0,1.0
512,G09_Y5_015_063 ,0.0,1.0
513,G09_Y5_015_066 ,0.0,1.0
514,G09_Y5_015_073 ,0.0,1.0
515,G09_Y5_015_078 ,0.0,1.0
516,G09_Y5_015_086 ,0.0,1.0
517,G09_Y5_015_103 ,0.0,1.0
518,G09_Y5_015_310 ,0.0,1.0
519,G09_Y5_015_311 ,1.0,0.0
520,G09_Y5_015_315 ,0.0,1.0
521,G09_Y5_015_318 ,0.0,1.0
522,G09_Y5_015_333 ,0.0,1.0
523,G09_Y5_015_335 ,1.0,0.0
524,G09_Y5_015_339 ,1.0,0.0
525,G09_Y5_015_361 ,0.0,1.0
526,G09_Y5_015_362 ,0.0,1.0
527,G09_Y5_015_365 ,0.0,1.0
528,G09_Y5_015_367 ,0.0,1.0
529,G09_Y5_015_368 ,0.0,1.0
530,G09_Y5_015_372 ,0.0,1.0
531,G09_Y5_015_373 ,0.0,1.0
532,G09_Y5_015_374 ,1.0,0.0
533,G09_Y5_015_375 ,0.0,1.0
534,G09_Y5_015_376 ,1.0,0.0
535,G09_Y5_015_384 ,0.0,1.0
536,G09_Y5_015_390 ,1.0,0.0
537,G09_Y5_016_005 ,0.0,1.0
538,G09_Y5_016_006 ,0.0,1.0
539,G09_Y5_016_008 ,0.0,1.0
540,G09_Y5_016_012 ,0.0,1.0
541,G09_Y5_016_014 ,0.0,1.0
542,G09_Y5_016_022 ,0.0,1.0
543,G09_Y5_016_209 ,1.0,0.0
544,G09_Y5_016_216 ,1.0,0.0
545,G09_Y5_016_235 ,0.0,1.0
546,G09_Y5_016_238 ,1.0,0.0
547,G09_Y5_016_241 ,1.0,0.0
548,G09_Y5_016_246 ,1.0,0.0
549,G09_Y5_016_254 ,1.0,0.0
550,G09_Y5_016_260 ,0.0,1.0
551,G09_Y5_016_273 ,1.0,0.0
552,G09_Y5_016_278 ,1.0,0.0
553,G09_Y5_016_285 ,1.0,0.0
554,G09_Y5_016_287 ,1.0,0.0
555,G09_Y5_016_288 ,0.0,1.0
556,G09_Y5_016_292 ,1.0,0.0
557,G09_Y5_016_293 ,1.0,0.0
558,G09_Y5_016_296 ,0.0,1.0
559,G09_Y5_016_301 ,1.0,0.0
560,G09_Y5_016_305 ,0.0,1.0
561,G09_Y5_016_309 ,0.0,1.0
562,G09_Y5_016_310 ,0.0,1.0
563,G09_Y5_016_311 ,1.0,0.0
564,G09_Y5_016_314 ,1.0,0.0
565,G09_Y5_016_317 ,1.0,0.0
566,G09_Y5_016_320 ,1.0,0.0
567,G09_Y5_016_324 ,0.0,1.0
568,G09_Y5_016_326 ,1.0,0.0
569,G09_Y5_016_329 ,1.0,0.0
570,G09_Y5_016_333 ,1.0,0.0
571,G09_Y5_016_339 ,1.0,0.0
572,G09_Y5_016_344 ,0.0,1.0
573,G09_Y5_017_249 ,1.0,0.0
574,G09_Y5_018_218 ,1.0,0.0
575,G09_Y5_020_176 ,1.0,0.0
576,G09_Y5_022_141 ,1.0,0.0
577,G09_Y5_030_124 ,1.0,0.0
578,G09_Y5_031_079 ,1.0,0.0
579,G09_Y5_032_070 ,1.0,0.0
580,G09_Y5_033_037 ,1.0,0.0
581,G09_Y5_034_011 ,1.0,0.0
582,G09_Y5_034_388 ,0.0,1.0
583,G09_Y5_035_355 ,1.0,0.0
584,G09_Y5_040_331 ,1.0,0.0
585,G09_Y5_041_298 ,1.0,0.0
586,G09_Y5_050_255 ,0.0,1.0
587,G09_Y5_051_188 ,1.0,0.0
588,G09_Y5_052_132 ,0.0,1.0
589,G09_Y5_053_113 ,1.0,0.0
590,G09_Y6_060_046 ,1.0,0.0
591,G09_Y6_060_379 ,1.0,0.0
592,G09_Y6_061_313 ,0.0,1.0
593,G09_Y6_062_237 ,0.0,1.0
594,G09_Y6_063_168 ,1.0,0.0
595,G09_Y6_064_099 ,1.0,0.0
596,G09_Y6_065_031 ,0.0,1.0
597,G09_Y6_065_362 ,1.0,0.0
598,G09_Y6_066_288 ,1.0,0.0
599,G09_Y6_067_224 ,1.0,0.0
600,G09_Y6_068_149 ,1.0,0.0
601,G09_Y6_074_081 ,1.0,0.0
602,G09_Y6_080_015 ,1.0,0.0
603,G09_Y6_080_341 ,1.0,0.0
604,G09_Y6_086_279 ,1.0,0.0
605,G09_Y6_090_203 ,1.0,0.0
606,G09_Y6_093_133 ,1.0,0.0
607,G09_Y6_100_073 ,0.0,1.0
608,G09_Y6_100_398 ,0.0,1.0
609,G12_Y1_AD1_049 ,1.0,0.0
610,G12_Y1_AD1_348 ,1.0,0.0
611,G12_Y1_AD2_325 ,1.0,0.0
612,G12_Y1_AN1_288 ,1.0,0.0
613,G12_Y1_AS1_247 ,1.0,0.0
614,G12_Y1_AS2_207 ,1.0,0.0
615,G12_Y1_AT_147  ,1.0,0.0
616,G12_Y1_AX1_104 ,1.0,0.0
617,G12_Y1_AX2_040 ,1.0,0.0
618,G12_Y1_BD1_009 ,1.0,0.0
619,G12_Y1_BD1_098 ,0.0,1.0
620,G12_Y1_BD1_377 ,1.0,0.0
621,G12_Y1_BN1_334 ,1.0,0.0
622,G12_Y1_BND1_285,1.0,0.0
623,G12_Y1_BS1_237 ,1.0,0.0
624,G12_Y1_BS2_201 ,1.0,0.0
625,G12_Y1_BX1_164 ,1.0,0.0
626,G12_Y1_BX1_376 ,0.0,1.0
627,G12_Y1_BX2_124 ,1.0,0.0
628,G12_Y1_CD1_063 ,1.0,0.0
629,G12_Y1_CD1_154 ,1.0,0.0
630,G12_Y1_CN1_014 ,1.0,0.0
631,G12_Y1_CN1_383 ,1.0,0.0
632,G12_Y1_CND1_261,1.0,0.0
633,G12_Y1_CND1_352,1.0,0.0
634,G12_Y1_CS1_320 ,1.0,0.0
635,G12_Y1_CS2_273 ,1.0,0.0
636,G12_Y1_CX1_222 ,1.0,0.0
637,G12_Y1_CX2_033 ,0.0,1.0
638,G12_Y1_CX2_176 ,1.0,0.0
639,G12_Y1_DD1_130 ,1.0,0.0
640,G12_Y1_DN1_095 ,1.0,0.0
641,G12_Y1_DND1_048,1.0,0.0
642,G12_Y1_DS1_018 ,1.0,0.0
643,G12_Y1_DS1_386 ,1.0,0.0
644,G12_Y1_DS2_340 ,1.0,0.0
645,G12_Y1_DX1_307 ,1.0,0.0
646,G12_Y1_DX2_248 ,1.0,0.0
647,G12_Y1_ED1_196 ,1.0,0.0
648,G12_Y1_EN1_159 ,1.0,0.0
649,G12_Y1_END1_119,1.0,0.0
650,G12_Y1_ES1_075 ,1.0,0.0
651,G12_Y1_ES2_027 ,1.0,0.0
652,G12_Y1_ES2_384 ,1.0,0.0
653,G12_Y1_EX1_335 ,1.0,0.0
654,G12_Y1_EX2_278 ,1.0,0.0
655,G12_Y1_FD1_228 ,1.0,0.0
656,G12_Y1_FN1_184 ,1.0,0.0
657,G12_Y1_FND1_144,1.0,0.0
658,G12_Y1_FS1_097 ,1.0,0.0
659,G12_Y1_FS2_053 ,1.0,0.0
660,G12_Y1_FT_017  ,0.0,1.0
661,G12_Y1_FT_020  ,0.0,1.0
662,G12_Y1_FT_090  ,0.0,1.0
663,G12_Y1_FT_387  ,1.0,0.0
664,G12_Y1_FX1_359 ,1.0,0.0
665,G12_Y1_FX2_304 ,1.0,0.0
666,G12_Y1_GD1_092 ,0.0,1.0
667,G12_Y1_GD1_258 ,1.0,0.0
668,G12_Y1_GN1_222 ,1.0,0.0
669,G12_Y1_GND1_172,1.0,0.0
670,G12_Y1_GS1_145 ,1.0,0.0
671,G12_Y1_GS1_289 ,1.0,0.0
672,G12_Y1_GS2_113 ,1.0,0.0
673,G12_Y1_HD1_063 ,1.0,0.0
674,G12_Y1_HN1_028 ,1.0,0.0
675,G12_Y1_HN1_383 ,1.0,0.0
676,G12_Y1_HND1_337,1.0,0.0
677,G12_Y1_HS1_302 ,1.0,0.0
678,G12_Y1_HS2_264 ,1.0,0.0
679,G12_Y1_ID1_157 ,0.0,1.0
680,G12_Y1_ID1_208 ,1.0,0.0
681,G12_Y1_IN1_165 ,1.0,0.0
682,G12_Y1_IND1_118,1.0,0.0
683,G12_Y1_IS1_079 ,1.0,0.0
684,G12_Y1_IS2_046 ,1.0,0.0
685,G12_Y1_IS2_398 ,1.0,0.0
686,G12_Y1_ND1_367 ,1.0,0.0
687,G12_Y1_ND2_322 ,1.0,0.0
688,G12_Y1_ND3_289 ,1.0,0.0
689,G12_Y1_ND4_246 ,1.0,0.0
690,G12_Y1_ND5_210 ,1.0,0.0
691,G12_Y1_ND6_165 ,1.0,0.0
692,G12_Y1_ND7_125 ,1.0,0.0
693,G12_Y1_ND8_091 ,1.0,0.0
694,G12_Y2_001_067 ,1.0,0.0
695,G12_Y2_001_387 ,0.0,1.0
696,G12_Y2_002_019 ,1.0,0.0
697,G12_Y2_002_358 ,1.0,0.0
698,G12_Y2_003_303 ,1.0,0.0
699,G12_Y2_004_247 ,1.0,0.0
700,G12_Y2_005_189 ,1.0,0.0
701,G12_Y2_006_142 ,1.0,0.0
702,G12_Y2_007_091 ,1.0,0.0
703,G12_Y2_007_191 ,0.0,1.0
704,G12_Y2_008_031 ,1.0,0.0
705,G12_Y2_008_380 ,1.0,0.0
706,G12_Y2_009_317 ,1.0,0.0
707,G12_Y2_011_013 ,0.0,1.0
708,G12_Y2_011_261 ,1.0,0.0
709,G12_Y2_012_014 ,0.0,1.0
710,G12_Y2_012_149 ,0.0,1.0
711,G12_Y2_012_206 ,1.0,0.0
712,G12_Y2_013_156 ,1.0,0.0
713,G12_Y2_014_097 ,1.0,0.0
714,G12_Y2_015_003 ,0.0,1.0
715,G12_Y2_015_008 ,0.0,1.0
716,G12_Y2_015_051 ,0.0,1.0
717,G12_Y2_015_057 ,0.0,1.0
718,G12_Y2_015_388 ,1.0,0.0
719,G12_Y2_016_332 ,1.0,0.0
720,G12_Y2_017_001 ,0.0,1.0
721,G12_Y2_017_003 ,0.0,1.0
722,G12_Y2_017_279 ,1.0,0.0
723,G12_Y2_018_039 ,0.0,1.0
724,G12_Y2_018_218 ,1.0,0.0
725,G12_Y2_019_173 ,1.0,0.0
726,G12_Y2_020_122 ,1.0,0.0
727,G12_Y2_021_063 ,1.0,0.0
728,G12_Y2_022_011 ,0.0,1.0
729,G12_Y2_022_364 ,1.0,0.0
730,G12_Y2_023_295 ,1.0,0.0
731,G12_Y2_024_233 ,1.0,0.0
732,G12_Y2_024_244 ,1.0,0.0
733,G12_Y2_025_192 ,1.0,0.0
734,G12_Y2_026_040 ,0.0,1.0
735,G12_Y2_026_149 ,1.0,0.0
736,G12_Y2_027_086 ,0.0,1.0
737,G12_Y2_028_037 ,1.0,0.0
738,G12_Y2_028_386 ,1.0,0.0
739,G12_Y2_029_332 ,1.0,0.0
740,G12_Y2_030_268 ,1.0,0.0
741,G12_Y2_031_006 ,0.0,1.0
742,G12_Y2_031_013 ,0.0,1.0
743,G12_Y2_031_224 ,1.0,0.0
744,G12_Y2_032_024 ,0.0,1.0
745,G12_Y2_032_149 ,0.0,1.0
746,G12_Y2_032_163 ,1.0,0.0
747,G12_Y2_033_111 ,1.0,0.0
748,G12_Y2_034_058 ,0.0,1.0
749,G12_Y2_035_009 ,0.0,1.0
750,G12_Y2_035_349 ,0.0,1.0
751,G12_Y2_035_395 ,0.0,1.0
752,G12_Y2_036_291 ,1.0,0.0
753,G12_Y2_037_170 ,0.0,1.0
754,G12_Y2_037_236 ,1.0,0.0
755,G12_Y2_037_396 ,0.0,1.0
756,G12_Y2_037_563 ,1.0,0.0
757,G12_Y2_038_322 ,1.0,0.0
758,G12_Y2_039_253 ,1.0,0.0
759,G12_Y2_040_192 ,1.0,0.0
760,G12_Y2_041_155 ,1.0,0.0
761,G12_Y2_042_102 ,1.0,0.0
762,G12_Y2_043_051 ,1.0,0.0
763,G12_Y2_043_391 ,1.0,0.0
764,G12_Y2_044_008 ,0.0,1.0
765,G12_Y2_044_335 ,0.0,1.0
766,G12_Y3_001_277 ,1.0,0.0
767,G12_Y3_002_209 ,1.0,0.0
768,G12_Y3_003_128 ,1.0,0.0
769,G12_Y3_003_315 ,0.0,1.0
770,G12_Y3_005_020 ,0.0,1.0
771,G12_Y3_005_064 ,1.0,0.0
772,G12_Y3_005_395 ,0.0,1.0
773,G12_Y3_006_322 ,1.0,0.0
774,G12_Y3_007_241 ,1.0,0.0
775,G12_Y3_008_187 ,1.0,0.0
776,G12_Y3_009_114 ,1.0,0.0
777,G12_Y3_010_043 ,0.0,1.0
778,G12_Y3_010_377 ,1.0,0.0
779,G12_Y3_011_311 ,1.0,0.0
780,G12_Y3_012_246 ,1.0,0.0
781,G12_Y3_012_287 ,0.0,1.0
782,G12_Y3_013_182 ,1.0,0.0
783,G12_Y3_013_315 ,0.0,1.0
784,G12_Y3_014_053 ,0.0,1.0
785,G12_Y3_014_102 ,1.0,0.0
786,G12_Y3_015_039 ,0.0,1.0
787,G12_Y3_015_315 ,0.0,1.0
788,G12_Y3_015_367 ,1.0,0.0
789,G12_Y3_016_011 ,1.0,0.0
790,G12_Y3_016_287 ,0.0,1.0
791,G12_Y3_017_028 ,0.0,1.0
792,G12_Y3_017_236 ,1.0,0.0
793,G12_Y3_018_167 ,1.0,0.0
794,G12_Y3_019_095 ,1.0,0.0
795,G12_Y3_019_313 ,0.0,1.0
796,G12_Y3_019_315 ,0.0,1.0
797,G12_Y3_020_030 ,0.0,1.0
798,G12_Y3_020_362 ,0.0,1.0
799,G12_Y3_021_042 ,0.0,1.0
800,G12_Y3_021_288 ,1.0,0.0
801,G12_Y3_021_315 ,0.0,1.0
802,G12_Y3_022_233 ,1.0,0.0
803,G12_Y3_023_002 ,0.0,1.0
804,G12_Y3_023_156 ,1.0,0.0
805,G12_Y3_024_007 ,0.0,1.0
806,G12_Y3_024_015 ,0.0,1.0
807,G12_Y3_024_089 ,1.0,0.0
808,G12_Y3_025_023 ,0.0,1.0
809,G12_Y3_025_315 ,1.0,0.0
810,G12_Y3_025_357 ,1.0,0.0
811,G12_Y3_026_058 ,0.0,1.0
812,G12_Y3_026_296 ,1.0,0.0
813,G12_Y3_027_003 ,0.0,1.0
814,G12_Y3_027_005 ,0.0,1.0
815,G12_Y3_027_031 ,0.0,1.0
816,G12_Y3_027_037 ,0.0,1.0
817,G12_Y3_027_055 ,0.0,1.0
818,G12_Y3_027_068 ,0.0,1.0
819,G12_Y3_027_081 ,1.0,0.0
820,G12_Y3_027_081 ,1.0,0.0
821,G12_Y3_027_193 ,0.0,1.0
822,G12_Y3_027_230 ,1.0,0.0
823,G12_Y3_027_393 ,0.0,1.0
824,G12_Y3_028_007 ,0.0,1.0
825,G12_Y3_028_020 ,0.0,1.0
826,G12_Y3_028_057 ,0.0,1.0
827,G12_Y3_028_175 ,1.0,0.0
828,G12_Y3_028_181 ,0.0,1.0
829,G12_Y3_028_187 ,1.0,0.0
830,G12_Y3_028_386 ,0.0,1.0
831,G12_Y3_029_023 ,0.0,1.0
832,G12_Y3_029_027 ,0.0,1.0
833,G12_Y3_029_106 ,1.0,0.0
834,G12_Y3_029_255 ,0.0,1.0
835,G12_Y3_030_016 ,0.0,1.0
836,G12_Y3_030_045 ,1.0,0.0
837,G12_Y3_030_380 ,1.0,0.0
838,G12_Y3_031_182 ,1.0,0.0
839,G12_Y3_031_319 ,1.0,0.0
840,G12_Y3_032_256 ,0.0,1.0
841,G12_Y3_033_008 ,0.0,1.0
842,G12_Y3_033_105 ,1.0,0.0
843,G12_Y3_033_129 ,1.0,0.0
844,G12_Y3_033_184 ,0.0,1.0
845,G12_Y3_033_195 ,1.0,0.0
846,G12_Y3_033_222 ,0.0,1.0
847,G12_Y3_034_001 ,0.0,1.0
848,G12_Y3_034_003 ,0.0,1.0
849,G12_Y3_034_027 ,0.0,1.0
850,G12_Y3_034_047 ,0.0,1.0
851,G12_Y3_034_056 ,0.0,1.0
852,G12_Y3_034_125 ,1.0,0.0
853,G12_Y3_034_380 ,1.0,0.0
854,G12_Y3_034_393 ,0.0,1.0
855,G12_Y3_035_007 ,0.0,1.0
856,G12_Y3_035_008 ,0.0,1.0
857,G12_Y3_035_015 ,0.0,1.0
858,G12_Y3_035_032 ,0.0,1.0
859,G12_Y3_035_043 ,0.0,1.0
860,G12_Y3_035_064 ,1.0,0.0
861,G12_Y3_035_245 ,0.0,1.0
862,G12_Y3_035_269 ,1.0,0.0
863,G12_Y3_035_377 ,0.0,1.0
864,G12_Y3_036_003 ,1.0,0.0
865,G12_Y3_036_009 ,0.0,1.0
866,G12_Y3_036_018 ,0.0,1.0
867,G12_Y3_036_019 ,0.0,1.0
868,G12_Y3_036_107 ,1.0,0.0
869,G12_Y3_036_181 ,1.0,0.0
870,G12_Y3_036_343 ,1.0,0.0
871,G12_Y3_037_016 ,0.0,1.0
872,G12_Y3_037_182 ,0.0,1.0
873,G12_Y3_037_185 ,0.0,1.0
874,G12_Y3_037_272 ,1.0,0.0
875,G12_Y3_038_003 ,0.0,1.0
876,G12_Y3_038_006 ,0.0,1.0
877,G12_Y3_038_053 ,1.0,0.0
878,G12_Y3_038_187 ,1.0,0.0
879,G12_Y3_038_215 ,1.0,0.0
880,G12_Y3_038_372 ,1.0,0.0
881,G12_Y3_038_373 ,1.0,0.0
882,G12_Y3_039_033 ,0.0,1.0
883,G12_Y3_039_034 ,0.0,1.0
884,G12_Y3_039_035 ,0.0,1.0
885,G12_Y3_039_053 ,0.0,1.0
886,G12_Y3_039_151 ,1.0,0.0
887,G12_Y3_039_304 ,0.0,1.0
888,G12_Y3_039_361 ,0.0,1.0
889,G12_Y3_040_004 ,0.0,1.0
890,G12_Y3_040_028 ,0.0,1.0
891,G12_Y3_040_033 ,0.0,1.0
892,G12_Y3_040_047 ,0.0,1.0
893,G12_Y3_040_084 ,1.0,0.0
894,G12_Y3_040_192 ,0.0,1.0
895,G12_Y3_040_202 ,1.0,0.0
896,G12_Y3_040_393 ,0.0,1.0
897,G12_Y3_041_011 ,0.0,1.0
898,G12_Y3_041_014 ,0.0,1.0
899,G12_Y3_041_023 ,0.0,1.0
900,G12_Y3_041_094 ,0.0,1.0
901,G12_Y3_041_179 ,0.0,1.0
902,G12_Y3_041_361 ,0.0,1.0
903,G12_Y3_042_015 ,0.0,1.0
904,G12_Y3_042_054 ,0.0,1.0
905,G12_Y3_042_175 ,0.0,1.0
906,G12_Y3_042_209 ,1.0,0.0
907,G12_Y3_042_212 ,0.0,1.0
908,G12_Y3_042_223 ,0.0,1.0
909,G12_Y3_042_283 ,0.0,1.0
910,G12_Y3_042_285 ,0.0,1.0
911,G12_Y3_042_301 ,1.0,0.0
912,G12_Y3_043_014 ,0.0,1.0
913,G12_Y3_043_017 ,0.0,1.0
914,G12_Y3_043_057 ,0.0,1.0
915,G12_Y3_043_232 ,1.0,0.0
916,G12_Y3_043_369 ,1.0,0.0
917,G12_Y3_044_045 ,0.0,1.0
918,G12_Y3_044_177 ,0.0,1.0
919,G12_Y3_045_110 ,1.0,0.0
920,G12_Y3_046_026 ,0.0,1.0
921,G12_Y3_046_040 ,0.0,1.0
922,G12_Y3_046_045 ,0.0,1.0
923,G12_Y3_046_398 ,1.0,0.0
924,G12_Y3_047_017 ,0.0,1.0
925,G12_Y3_047_019 ,0.0,1.0
926,G12_Y3_047_338 ,1.0,0.0
927,G12_Y3_048_285 ,1.0,0.0
928,G12_Y3_048_294 ,0.0,1.0
929,G12_Y4_202_010 ,0.0,1.0
930,G12_Y4_202_017 ,0.0,1.0
931,G12_Y4_202_221 ,1.0,0.0
932,G12_Y4_203_014 ,0.0,1.0
933,G12_Y4_203_167 ,1.0,0.0
934,G12_Y4_204_097 ,1.0,0.0
935,G12_Y4_205_043 ,1.0,0.0
936,G12_Y4_205_388 ,1.0,0.0
937,G12_Y4_206_005 ,0.0,1.0
938,G12_Y4_206_010 ,0.0,1.0
939,G12_Y4_206_014 ,0.0,1.0
940,G12_Y4_206_294 ,0.0,1.0
941,G12_Y4_206_335 ,1.0,0.0
942,G12_Y4_207_279 ,1.0,0.0
943,G12_Y4_208_218 ,1.0,0.0
944,G12_Y4_209_002 ,0.0,1.0
945,G12_Y4_209_163 ,1.0,0.0
946,G12_Y4_209_315 ,0.0,1.0
947,G12_Y4_209_355 ,0.0,1.0
948,G12_Y4_210_049 ,1.0,0.0
949,G12_Y4_210_058 ,1.0,0.0
950,G12_Y4_210_101 ,1.0,0.0
951,G12_Y4_210_301 ,0.0,1.0
952,G12_Y4_211_047 ,1.0,0.0
953,G12_Y4_212_025 ,0.0,1.0
954,G12_Y4_212_379 ,1.0,0.0
955,G12_Y5_001_357 ,1.0,0.0
956,G12_Y5_002_327 ,1.0,0.0
957,G12_Y5_003_297 ,1.0,0.0
958,G12_Y5_004_270 ,1.0,0.0
959,G12_Y5_004_369 ,0.0,1.0
960,G12_Y5_005_246 ,1.0,0.0
961,G12_Y5_005_392 ,0.0,1.0
962,G12_Y5_006_007 ,0.0,1.0
963,G12_Y5_006_217 ,1.0,0.0
964,G12_Y5_007_208 ,0.0,1.0
965,G12_Y5_008_175 ,1.0,0.0
966,G12_Y5_009_153 ,1.0,0.0
967,G12_Y5_009_249 ,0.0,1.0
968,G12_Y5_009_288 ,0.0,1.0
969,G12_Y5_009_294 ,0.0,1.0
970,G12_Y5_009_330 ,0.0,1.0
971,G12_Y5_009_331 ,0.0,1.0
972,G12_Y5_009_333 ,0.0,1.0
973,G12_Y5_009_334 ,0.0,1.0
974,G12_Y5_009_335 ,0.0,1.0
975,G12_Y5_009_336 ,0.0,1.0
976,G12_Y5_009_337 ,0.0,1.0
977,G12_Y5_009_338 ,0.0,1.0
978,G12_Y5_009_340 ,0.0,1.0
979,G12_Y5_009_344 ,0.0,1.0
980,G12_Y5_009_348 ,0.0,1.0
981,G12_Y5_009_349 ,0.0,1.0
982,G12_Y5_009_351 ,0.0,1.0
983,G12_Y5_009_363 ,0.0,1.0
984,G12_Y5_009_365 ,0.0,1.0
985,G12_Y5_009_368 ,0.0,1.0
986,G12_Y5_009_372 ,0.0,1.0
987,G12_Y5_009_374 ,0.0,1.0
988,G12_Y5_009_375 ,0.0,1.0
989,G12_Y5_009_376 ,0.0,1.0
990,G12_Y5_009_378 ,0.0,1.0
991,G12_Y5_009_379 ,0.0,1.0
992,G12_Y5_009_380 ,0.0,1.0
993,G12_Y5_009_381 ,0.0,1.0
994,G12_Y5_009_382 ,0.0,1.0
995,G12_Y5_009_393 ,0.0,1.0
996,G12_Y5_009_394 ,0.0,1.0
997,G12_Y5_009_395 ,0.0,1.0
998,G12_Y5_009_396 ,0.0,1.0
999,G12_Y5_009_398 ,0.0,1.0
1000,G12_Y5_009_399 ,0.0,1.0
1001,G12_Y5_010_004 ,0.0,1.0
1002,G12_Y5_010_005 ,0.0,1.0
1003,G12_Y5_010_006 ,0.0,1.0
1004,G12_Y5_010_007 ,0.0,1.0
1005,G12_Y5_010_008 ,0.0,1.0
1006,G12_Y5_010_013 ,0.0,1.0
1007,G12_Y5_010_018 ,0.0,1.0
1008,G12_Y5_010_023 ,0.0,1.0
1009,G12_Y5_010_024 ,0.0,1.0
1010,G12_Y5_010_026 ,0.0,1.0
1011,G12_Y5_010_028 ,0.0,1.0
1012,G12_Y5_010_031 ,0.0,1.0
1013,G12_Y5_010_032 ,0.0,1.0
1014,G12_Y5_010_033 ,0.0,1.0
1015,G12_Y5_010_034 ,0.0,1.0
1016,G12_Y5_010_035 ,0.0,1.0
1017,G12_Y5_010_036 ,0.0,1.0
1018,G12_Y5_010_038 ,0.0,1.0
1019,G12_Y5_010_040 ,0.0,1.0
1020,G12_Y5_010_042 ,0.0,1.0
1021,G12_Y5_010_045 ,0.0,1.0
1022,G12_Y5_010_046 ,0.0,1.0
1023,G12_Y5_010_052 ,0.0,1.0
1024,G12_Y5_010_054 ,0.0,1.0
1025,G12_Y5_010_103 ,0.0,1.0
1026,G12_Y5_010_122 ,1.0,0.0
1027,G12_Y5_010_127 ,1.0,0.0
1028,G12_Y5_010_127 ,1.0,0.0
1029,G12_Y5_010_129 ,1.0,0.0
1030,G12_Y5_010_174 ,0.0,1.0
1031,G12_Y5_010_175 ,0.0,1.0
1032,G12_Y5_010_196 ,0.0,1.0
1033,G12_Y5_010_197 ,0.0,1.0
1034,G12_Y5_010_210 ,0.0,1.0
1035,G12_Y5_010_213 ,0.0,1.0
1036,G12_Y5_010_215 ,0.0,1.0
1037,G12_Y5_010_216 ,0.0,1.0
1038,G12_Y5_010_227 ,0.0,1.0
1039,G12_Y5_010_228 ,0.0,1.0
1040,G12_Y5_010_231 ,0.0,1.0
1041,G12_Y5_010_233 ,0.0,1.0
1042,G12_Y5_010_235 ,0.0,1.0
1043,G12_Y5_010_238 ,0.0,1.0
1044,G12_Y5_010_240 ,0.0,1.0
1045,G12_Y5_010_242 ,1.0,0.0
1046,G12_Y5_010_247 ,0.0,1.0
1047,G12_Y5_010_248 ,0.0,1.0
1048,G12_Y5_010_251 ,1.0,0.0
1049,G12_Y5_010_257 ,1.0,0.0
1050,G12_Y5_010_262 ,0.0,1.0
1051,G12_Y5_010_263 ,0.0,1.0
1052,G12_Y5_010_266 ,0.0,1.0
1053,G12_Y5_010_267 ,0.0,1.0
1054,G12_Y5_010_268 ,0.0,1.0
1055,G12_Y5_010_273 ,0.0,1.0
1056,G12_Y5_010_275 ,0.0,1.0
1057,G12_Y5_010_277 ,0.0,1.0
1058,G12_Y5_010_289 ,0.0,1.0
1059,G12_Y5_010_291 ,0.0,1.0
1060,G12_Y5_011_071 ,1.0,0.0
1061,G12_Y5_011_218 ,1.0,0.0
1062,G12_Y5_011_258 ,1.0,0.0
1063,G12_Y5_011_266 ,1.0,0.0
1064,G12_Y5_011_267 ,1.0,0.0
1065,G12_Y5_011_269 ,1.0,0.0
1066,G12_Y5_011_275 ,1.0,0.0
1067,G12_Y5_011_276 ,1.0,0.0
1068,G12_Y5_011_285 ,1.0,0.0
1069,G12_Y5_011_317 ,1.0,0.0
1070,G12_Y5_012_063 ,1.0,0.0
1071,G12_Y5_013_023 ,0.0,1.0
1072,G12_Y5_014_003 ,1.0,0.0
1073,G12_Y5_014_006 ,0.0,1.0
1074,G12_Y5_014_294 ,0.0,1.0
1075,G12_Y5_014_378 ,1.0,0.0
1076,G12_Y5_015_025 ,0.0,1.0
1077,G12_Y5_015_029 ,0.0,1.0
1078,G12_Y5_015_038 ,0.0,1.0
1079,G12_Y5_015_051 ,0.0,1.0
1080,G12_Y5_015_052 ,0.0,1.0
1081,G12_Y5_015_053 ,0.0,1.0
1082,G12_Y5_015_056 ,0.0,1.0
1083,G12_Y5_015_064 ,0.0,1.0
1084,G12_Y5_015_071 ,0.0,1.0
1085,G12_Y5_015_073 ,0.0,1.0
1086,G12_Y5_015_084 ,0.0,1.0
1087,G12_Y5_015_217 ,1.0,0.0
1088,G12_Y5_015_221 ,0.0,1.0
1089,G12_Y5_015_225 ,0.0,1.0
1090,G12_Y5_015_230 ,0.0,1.0
1091,G12_Y5_015_238 ,0.0,1.0
1092,G12_Y5_015_240 ,0.0,1.0
1093,G12_Y5_015_251 ,1.0,0.0
1094,G12_Y5_015_257 ,0.0,1.0
1095,G12_Y5_015_258 ,0.0,1.0
1096,G12_Y5_015_261 ,0.0,1.0
1097,G12_Y5_015_263 ,0.0,1.0
1098,G12_Y5_015_265 ,1.0,0.0
1099,G12_Y5_015_272 ,0.0,1.0
1100,G12_Y5_015_275 ,0.0,1.0
1101,G12_Y5_015_279 ,0.0,1.0
1102,G12_Y5_015_288 ,1.0,0.0
1103,G12_Y5_015_295 ,1.0,0.0
1104,G12_Y5_015_301 ,0.0,1.0
1105,G12_Y5_015_304 ,0.0,1.0
1106,G12_Y5_015_312 ,1.0,0.0
1107,G12_Y5_015_320 ,0.0,1.0
1108,G12_Y5_015_326 ,1.0,0.0
1109,G12_Y5_015_328 ,1.0,0.0
1110,G12_Y5_015_330 ,0.0,1.0
1111,G12_Y5_015_332 ,1.0,0.0
1112,G12_Y5_015_335 ,0.0,1.0
1113,G12_Y5_015_345 ,1.0,0.0
1114,G12_Y5_015_354 ,1.0,0.0
1115,G12_Y5_015_361 ,1.0,0.0
1116,G12_Y5_015_361 ,1.0,0.0
1117,G12_Y5_015_362 ,0.0,1.0
1118,G12_Y5_015_367 ,0.0,1.0
1119,G12_Y5_015_372 ,0.0,1.0
1120,G12_Y5_015_373 ,0.0,1.0
1121,G12_Y5_016_325 ,1.0,0.0
1122,G12_Y5_020_298 ,0.0,1.0
1123,G12_Y5_021_282 ,1.0,0.0
1124,G12_Y5_023_249 ,1.0,0.0
1125,G12_Y5_024_230 ,1.0,0.0
1126,G12_Y5_025_197 ,1.0,0.0
1127,G12_Y5_026_149 ,1.0,0.0
1128,G12_Y5_027_139 ,1.0,0.0
1129,G12_Y5_028_114 ,1.0,0.0
1130,G12_Y5_030_085 ,1.0,0.0
1131,G12_Y5_031_040 ,1.0,0.0
1132,G12_Y5_032_029 ,1.0,0.0
1133,G12_Y5_032_386 ,1.0,0.0
1134,G12_Y5_033_363 ,1.0,0.0
1135,G12_Y5_034_340 ,1.0,0.0
1136,G12_Y6_040_285 ,1.0,0.0
1137,G12_Y6_041_210 ,1.0,0.0
1138,G12_Y6_042_147 ,1.0,0.0
1139,G12_Y6_043_073 ,0.0,1.0
1140,G12_Y6_050_002 ,0.0,1.0
1141,G12_Y6_050_329 ,1.0,0.0
1142,G12_Y6_051_255 ,1.0,0.0
1143,G12_Y6_052_188 ,1.0,0.0
1144,G12_Y6_053_129 ,1.0,0.0
1145,G12_Y6_054_060 ,1.0,0.0
1146,G12_Y6_054_386 ,1.0,0.0
1147,G12_Y6_055_315 ,1.0,0.0
1148,G12_Y6_056_246 ,1.0,0.0
1149,G12_Y6_057_176 ,1.0,0.0
1150,G12_Y6_058_103 ,1.0,0.0
1151,G12_Y6_060_039 ,0.0,1.0
1152,G12_Y6_060_369 ,1.0,0.0
1153,G12_Y6_061_299 ,1.0,0.0
1154,G12_Y6_070_230 ,1.0,0.0
1155,G12_Y6_073_160 ,1.0,0.0
1156,G12_Y6_080_091 ,1.0,0.0
1157,G12_Y6_081_021 ,1.0,0.0
1158,G12_Y6_081_349 ,0.0,1.0
1159,G12_Y6_085_270 ,1.0,0.0
1160,G12_Y6_086_235 ,1.0,0.0
1161,G15_Y1_AN1_030 ,0.0,1.0
1162,G15_Y1_AN1_179 ,1.0,0.0
1163,G15_Y1_AN2_138 ,1.0,0.0
1164,G15_Y1_AS1_087 ,1.0,0.0
1165,G15_Y1_AS2_043 ,1.0,0.0
1166,G15_Y1_AX1_007 ,1.0,0.0
1167,G15_Y1_AX1_352 ,1.0,0.0
1168,G15_Y1_AX2_320 ,1.0,0.0
1169,G15_Y1_BN1_277 ,1.0,0.0
1170,G15_Y1_BN2_232 ,1.0,0.0
1171,G15_Y1_BS1_176 ,1.0,0.0
1172,G15_Y1_BS2_132 ,1.0,0.0
1173,G15_Y1_BX1_095 ,1.0,0.0
1174,G15_Y1_BX2_057 ,1.0,0.0
1175,G15_Y1_CN1_007 ,1.0,0.0
1176,G15_Y1_CN1_358 ,1.0,0.0
1177,G15_Y1_CN2_328 ,1.0,0.0
1178,G15_Y1_CS1_289 ,1.0,0.0
1179,G15_Y1_CS2_243 ,1.0,0.0
1180,G15_Y1_CX1_195 ,1.0,0.0
1181,G15_Y1_CX1_376 ,0.0,1.0
1182,G15_Y1_CX2_155 ,1.0,0.0
1183,G15_Y1_DN1_108 ,1.0,0.0
1184,G15_Y1_DN2_066 ,1.0,0.0
1185,G15_Y1_DS1_016 ,1.0,0.0
1186,G15_Y1_DS1_370 ,1.0,0.0
1187,G15_Y1_DS2_007 ,0.0,1.0
1188,G15_Y1_DS2_019 ,0.0,1.0
1189,G15_Y1_DS2_020 ,0.0,1.0
1190,G15_Y1_DS2_049 ,0.0,1.0
1191,G15_Y1_DS2_063 ,0.0,1.0
1192,G15_Y1_DS2_089 ,0.0,1.0
1193,G15_Y1_DS2_338 ,1.0,0.0
1194,G15_Y1_EN1_308 ,1.0,0.0
1195,G15_Y1_EN2_264 ,1.0,0.0
1196,G15_Y1_ES1_221 ,1.0,0.0
1197,G15_Y1_ES2_178 ,1.0,0.0
1198,G15_Y1_FN1_130 ,1.0,0.0
1199,G15_Y1_FN2_085 ,1.0,0.0
1200,G15_Y1_FS1_047 ,1.0,0.0
1201,G15_Y1_FS2_013 ,0.0,1.0
1202,G15_Y1_FS2_384 ,1.0,0.0
1203,G15_Y1_GN1_335 ,1.0,0.0
1204,G15_Y1_GN2_298 ,1.0,0.0
1205,G15_Y1_GS1_260 ,1.0,0.0
1206,G15_Y1_GS2_206 ,1.0,0.0
1207,G15_Y1_GX2_021 ,0.0,1.0
1208,G15_Y1_GX2_154 ,1.0,0.0
1209,G15_Y1_HN1_129 ,1.0,0.0
1210,G15_Y1_HN2_086 ,1.0,0.0
1211,G15_Y1_HN2_103 ,1.0,0.0
1212,G15_Y1_HS1_030 ,1.0,0.0
1213,G15_Y1_HS1_382 ,1.0,0.0
1214,G15_Y1_HS2_006 ,0.0,1.0
1215,G15_Y1_HS2_230 ,0.0,1.0
1216,G15_Y1_HS2_347 ,1.0,0.0
1217,G15_Y1_IN1_317 ,1.0,0.0
1218,G15_Y1_IN2_268 ,1.0,0.0
1219,G15_Y1_IS1_222 ,1.0,0.0
1220,G15_Y1_IS2_154 ,0.0,1.0
1221,G15_Y1_IS2_177 ,1.0,0.0
1222,G15_Y2_001_127 ,1.0,0.0
1223,G15_Y2_002_027 ,0.0,1.0
1224,G15_Y2_002_070 ,0.0,1.0
1225,G15_Y2_003_021 ,1.0,0.0
1226,G15_Y2_003_027 ,0.0,1.0
1227,G15_Y2_003_224 ,0.0,1.0
1228,G15_Y2_003_364 ,1.0,0.0
1229,G15_Y2_004_309 ,1.0,0.0
1230,G15_Y2_005_252 ,1.0,0.0
1231,G15_Y2_006_021 ,0.0,1.0
1232,G15_Y2_006_195 ,1.0,0.0
1233,G15_Y2_007_004 ,0.0,1.0
1234,G15_Y2_007_053 ,0.0,1.0
1235,G15_Y2_007_138 ,1.0,0.0
1236,G15_Y2_008_084 ,1.0,0.0
1237,G15_Y2_008_152 ,0.0,1.0
1238,G15_Y2_009_039 ,0.0,1.0
1239,G15_Y2_009_381 ,0.0,1.0
1240,G15_Y2_010_003 ,0.0,1.0
1241,G15_Y2_010_018 ,0.0,1.0
1242,G15_Y2_010_021 ,0.0,1.0
1243,G15_Y2_010_329 ,1.0,0.0
1244,G15_Y2_011_266 ,1.0,0.0
1245,G15_Y2_012_216 ,1.0,0.0
1246,G15_Y2_013_013 ,0.0,1.0
1247,G15_Y2_013_021 ,0.0,1.0
1248,G15_Y2_013_161 ,1.0,0.0
1249,G15_Y2_014_004 ,0.0,1.0
1250,G15_Y2_014_012 ,0.0,1.0
1251,G15_Y2_014_025 ,0.0,1.0
1252,G15_Y2_014_061 ,0.0,1.0
1253,G15_Y2_014_086 ,0.0,1.0
1254,G15_Y2_014_110 ,1.0,0.0
1255,G15_Y2_014_286 ,0.0,1.0
1256,G15_Y2_015_052 ,1.0,0.0
1257,G15_Y2_015_395 ,1.0,0.0
1258,G15_Y2_016_147 ,0.0,1.0
1259,G15_Y2_016_344 ,1.0,0.0
1260,G15_Y2_017_288 ,1.0,0.0
1261,G15_Y2_017_390 ,1.0,0.0
1262,G15_Y2_018_233 ,1.0,0.0
1263,G15_Y2_019_175 ,1.0,0.0
1264,G15_Y2_020_122 ,1.0,0.0
1265,G15_Y2_021_066 ,1.0,0.0
1266,G15_Y2_022_018 ,1.0,0.0
1267,G15_Y2_022_018 ,1.0,0.0
1268,G15_Y2_022_361 ,1.0,0.0
1269,G15_Y2_023_302 ,1.0,0.0
1270,G15_Y3_001_253 ,1.0,0.0
1271,G15_Y3_002_176 ,1.0,0.0
1272,G15_Y3_003_105 ,1.0,0.0
1273,G15_Y3_004_031 ,1.0,0.0
1274,G15_Y3_004_361 ,1.0,0.0
1275,G15_Y3_005_284 ,1.0,0.0
1276,G15_Y3_006_177 ,1.0,0.0
1277,G15_Y3_006_222 ,1.0,0.0
1278,G15_Y3_007_005 ,1.0,0.0
1279,G15_Y3_007_066 ,1.0,0.0
1280,G15_Y3_007_120 ,0.0,1.0
1281,G15_Y3_007_142 ,0.0,1.0
1282,G15_Y3_007_315 ,0.0,1.0
1283,G15_Y3_007_342 ,1.0,0.0
1284,G15_Y3_007_389 ,1.0,0.0
1285,G15_Y3_007_397 ,1.0,0.0
1286,G15_Y3_008_010 ,0.0,1.0
1287,G15_Y3_008_013 ,0.0,1.0
1288,G15_Y3_008_018 ,0.0,1.0
1289,G15_Y3_008_031 ,1.0,0.0
1290,G15_Y3_008_038 ,0.0,1.0
1291,G15_Y3_008_053 ,0.0,1.0
1292,G15_Y3_008_080 ,1.0,0.0
1293,G15_Y3_008_294 ,0.0,1.0
1294,G15_Y3_009_002 ,0.0,1.0
1295,G15_Y3_009_010 ,0.0,1.0
1296,G15_Y3_009_011 ,0.0,1.0
1297,G15_Y3_009_012 ,0.0,1.0
1298,G15_Y3_009_013 ,0.0,1.0
1299,G15_Y3_009_014 ,0.0,1.0
1300,G15_Y3_009_016 ,0.0,1.0
1301,G15_Y3_009_019 ,0.0,1.0
1302,G15_Y3_009_021 ,0.0,1.0
1303,G15_Y3_009_038 ,0.0,1.0
1304,G15_Y3_009_040 ,0.0,1.0
1305,G15_Y3_009_047 ,0.0,1.0
1306,G15_Y3_009_062 ,0.0,1.0
1307,G15_Y3_009_065 ,0.0,1.0
1308,G15_Y3_009_073 ,0.0,1.0
1309,G15_Y3_009_077 ,0.0,1.0
1310,G15_Y3_009_081 ,0.0,1.0
1311,G15_Y3_009_087 ,0.0,1.0
1312,G15_Y3_009_089 ,0.0,1.0
1313,G15_Y3_009_105 ,0.0,1.0
1314,G15_Y3_009_241 ,1.0,0.0
1315,G15_Y3_009_313 ,1.0,0.0
1316,G15_Y3_009_317 ,1.0,0.0
1317,G15_Y3_009_345 ,1.0,0.0
1318,G15_Y3_009_355 ,1.0,0.0
1319,G15_Y3_010_148 ,0.0,1.0
1320,G15_Y3_010_169 ,1.0,0.0
1321,G15_Y3_010_170 ,0.0,1.0
1322,G15_Y3_010_281 ,1.0,0.0
1323,G15_Y3_010_352 ,0.0,1.0
1324,G15_Y3_011_208 ,1.0,0.0
1325,G15_Y3_011_294 ,0.0,1.0
1326,G15_Y3_012_019 ,0.0,1.0
1327,G15_Y3_012_040 ,0.0,1.0
1328,G15_Y3_012_051 ,0.0,1.0
1329,G15_Y3_012_074 ,0.0,1.0
1330,G15_Y3_012_099 ,0.0,1.0
1331,G15_Y3_012_146 ,1.0,0.0
1332,G15_Y3_012_315 ,0.0,1.0
1333,G15_Y3_013_037 ,0.0,1.0
1334,G15_Y3_013_069 ,1.0,0.0
1335,G15_Y3_014_011 ,0.0,1.0
1336,G15_Y3_014_065 ,1.0,0.0
1337,G15_Y3_014_294 ,0.0,1.0
1338,G15_Y3_014_339 ,1.0,0.0
1339,G15_Y3_015_003 ,0.0,1.0
1340,G15_Y3_015_007 ,0.0,1.0
1341,G15_Y3_015_024 ,0.0,1.0
1342,G15_Y3_015_030 ,0.0,1.0
1343,G15_Y3_015_124 ,1.0,0.0
1344,G15_Y3_015_273 ,1.0,0.0
1345,G15_Y3_016_203 ,1.0,0.0
1346,G15_Y3_017_145 ,1.0,0.0
1347,G15_Y3_018_006 ,1.0,0.0
1348,G15_Y3_018_076 ,1.0,0.0
1349,G15_Y3_020_003 ,0.0,1.0
1350,G15_Y3_020_334 ,0.0,1.0
1351,G15_Y3_021_267 ,1.0,0.0
1352,G15_Y3_022_032 ,0.0,1.0
1353,G15_Y3_022_054 ,0.0,1.0
1354,G15_Y3_022_073 ,0.0,1.0
1355,G15_Y3_022_083 ,0.0,1.0
1356,G15_Y3_022_087 ,0.0,1.0
1357,G15_Y3_022_207 ,1.0,0.0
1358,G15_Y3_022_209 ,0.0,1.0
1359,G15_Y3_022_357 ,0.0,1.0
1360,G15_Y3_023_004 ,0.0,1.0
1361,G15_Y3_023_017 ,0.0,1.0
1362,G15_Y3_023_035 ,0.0,1.0
1363,G15_Y3_023_051 ,0.0,1.0
1364,G15_Y3_023_061 ,0.0,1.0
1365,G15_Y3_023_064 ,0.0,1.0
1366,G15_Y3_023_109 ,1.0,0.0
1367,G15_Y3_023_137 ,1.0,0.0
1368,G15_Y3_023_156 ,0.0,1.0
1369,G15_Y3_023_197 ,0.0,1.0
1370,G15_Y3_023_383 ,0.0,1.0
1371,G15_Y3_024_001 ,0.0,1.0
1372,G15_Y3_024_003 ,0.0,1.0
1373,G15_Y3_024_004 ,1.0,0.0
1374,G15_Y3_024_072 ,1.0,0.0
1375,G15_Y3_024_094 ,1.0,0.0
1376,G15_Y3_024_122 ,1.0,0.0
1377,G15_Y3_024_135 ,0.0,1.0
1378,G15_Y3_024_154 ,1.0,0.0
1379,G15_Y3_024_205 ,0.0,1.0
1380,G15_Y3_024_233 ,0.0,1.0
1381,G15_Y3_024_245 ,0.0,1.0
1382,G15_Y3_024_304 ,0.0,1.0
1383,G15_Y3_024_315 ,0.0,1.0
1384,G15_Y3_024_390 ,0.0,1.0
1385,G15_Y3_025_008 ,0.0,1.0
1386,G15_Y3_025_013 ,0.0,1.0
1387,G15_Y3_025_060 ,0.0,1.0
1388,G15_Y3_025_172 ,0.0,1.0
1389,G15_Y3_025_191 ,0.0,1.0
1390,G15_Y3_025_243 ,1.0,0.0
1391,G15_Y3_025_254 ,0.0,1.0
1392,G15_Y3_025_287 ,0.0,1.0
1393,G15_Y3_025_319 ,0.0,1.0
1394,G15_Y3_025_344 ,1.0,0.0
1395,G15_Y3_026_013 ,0.0,1.0
1396,G15_Y3_026_155 ,1.0,0.0
1397,G15_Y3_026_157 ,0.0,1.0
1398,G15_Y3_026_215 ,1.0,0.0
1399,G15_Y3_026_249 ,1.0,0.0
1400,G15_Y3_026_286 ,1.0,0.0
1401,G15_Y3_026_315 ,0.0,1.0
1402,G15_Y3_026_394 ,0.0,1.0
1403,G15_Y3_027_004 ,0.0,1.0
1404,G15_Y3_027_015 ,0.0,1.0
1405,G15_Y3_027_027 ,0.0,1.0
1406,G15_Y3_027_035 ,0.0,1.0
1407,G15_Y3_027_062 ,0.0,1.0
1408,G15_Y3_027_070 ,0.0,1.0
1409,G15_Y3_027_228 ,1.0,0.0
1410,G15_Y3_027_244 ,0.0,1.0
1411,G15_Y3_027_281 ,0.0,1.0
1412,G15_Y3_027_294 ,0.0,1.0
1413,G15_Y3_027_299 ,0.0,1.0
1414,G15_Y3_028_007 ,0.0,1.0
1415,G15_Y3_028_117 ,0.0,1.0
1416,G15_Y3_028_156 ,0.0,1.0
1417,G15_Y3_028_172 ,0.0,1.0
1418,G15_Y3_028_179 ,0.0,1.0
1419,G15_Y3_028_229 ,0.0,1.0
1420,G15_Y3_028_234 ,0.0,1.0
1421,G15_Y3_028_239 ,0.0,1.0
1422,G15_Y3_028_359 ,0.0,1.0
1423,G15_Y3_028_384 ,0.0,1.0
1424,G15_Y3_029_010 ,0.0,1.0
1425,G15_Y3_029_056 ,0.0,1.0
1426,G15_Y3_029_061 ,0.0,1.0
1427,G15_Y3_029_104 ,1.0,0.0
1428,G15_Y3_029_283 ,0.0,1.0
1429,G15_Y3_029_294 ,0.0,1.0
1430,G15_Y3_030_029 ,0.0,1.0
1431,G15_Y3_030_031 ,0.0,1.0
1432,G15_Y3_030_313 ,0.0,1.0
1433,G15_Y3_030_369 ,0.0,1.0
1434,G15_Y3_031_039 ,0.0,1.0
1435,G15_Y3_031_042 ,0.0,1.0
1436,G15_Y3_031_055 ,0.0,1.0
1437,G15_Y3_031_060 ,0.0,1.0
1438,G15_Y3_031_076 ,0.0,1.0
1439,G15_Y3_031_181 ,0.0,1.0
1440,G15_Y3_031_199 ,0.0,1.0
1441,G15_Y3_031_217 ,1.0,0.0
1442,G15_Y3_031_312 ,1.0,0.0
1443,G15_Y3_031_314 ,0.0,1.0
1444,G15_Y3_032_011 ,0.0,1.0
1445,G15_Y3_032_013 ,0.0,1.0
1446,G15_Y3_032_016 ,0.0,1.0
1447,G15_Y3_032_049 ,1.0,0.0
1448,G15_Y3_032_239 ,1.0,0.0
1449,G15_Y3_033_070 ,0.0,1.0
1450,G15_Y3_033_177 ,1.0,0.0
1451,G15_Y3_034_035 ,0.0,1.0
1452,G15_Y3_034_114 ,1.0,0.0
1453,G15_Y3_035_017 ,0.0,1.0
1454,G15_Y3_035_049 ,0.0,1.0
1455,G15_Y3_035_056 ,0.0,1.0
1456,G15_Y3_035_152 ,0.0,1.0
1457,G15_Y3_035_194 ,1.0,0.0
1458,G15_Y3_035_349 ,0.0,1.0
1459,G15_Y3_035_391 ,0.0,1.0
1460,G15_Y3_036_031 ,0.0,1.0
1461,G15_Y3_036_294 ,0.0,1.0
1462,G15_Y3_036_329 ,1.0,0.0
1463,G15_Y3_036_385 ,0.0,1.0
1464,G15_Y3_037_016 ,0.0,1.0
1465,G15_Y3_037_170 ,0.0,1.0
1466,G15_Y3_037_176 ,0.0,1.0
1467,G15_Y3_037_185 ,0.0,1.0
1468,G15_Y3_037_248 ,0.0,1.0
1469,G15_Y3_037_266 ,1.0,0.0
1470,G15_Y3_037_315 ,0.0,1.0
1471,G15_Y3_038_056 ,1.0,0.0
1472,G15_Y3_038_207 ,1.0,0.0
1473,G15_Y3_038_368 ,0.0,1.0
1474,G15_Y3_039_009 ,0.0,1.0
1475,G15_Y3_039_020 ,0.0,1.0
1476,G15_Y3_039_039 ,0.0,1.0
1477,G15_Y3_039_046 ,0.0,1.0
1478,G15_Y3_039_053 ,0.0,1.0
1479,G15_Y3_039_151 ,1.0,0.0
1480,G15_Y3_039_246 ,0.0,1.0
1481,G15_Y3_039_271 ,0.0,1.0
1482,G15_Y3_039_277 ,0.0,1.0
1483,G15_Y3_039_315 ,1.0,0.0
1484,G15_Y3_040_012 ,0.0,1.0
1485,G15_Y3_040_049 ,0.0,1.0
1486,G15_Y3_040_074 ,1.0,0.0
1487,G15_Y3_041_016 ,0.0,1.0
1488,G15_Y3_041_017 ,0.0,1.0
1489,G15_Y3_041_147 ,1.0,0.0
1490,G15_Y3_041_315 ,0.0,1.0
1491,G15_Y3_041_352 ,0.0,1.0
1492,G15_Y3_041_355 ,0.0,1.0
1493,G15_Y3_041_356 ,0.0,1.0
1494,G15_Y3_042_006 ,0.0,1.0
1495,G15_Y3_042_176 ,0.0,1.0
1496,G15_Y3_042_280 ,1.0,0.0
1497,G15_Y3_043_176 ,0.0,1.0
1498,G15_Y3_043_194 ,1.0,0.0
1499,G15_Y3_043_213 ,0.0,1.0
1500,G15_Y3_043_230 ,1.0,0.0
1501,G15_Y3_043_241 ,0.0,1.0
1502,G15_Y3_043_249 ,0.0,1.0
1503,G15_Y3_043_313 ,0.0,1.0
1504,G15_Y3_044_008 ,0.0,1.0
1505,G15_Y3_044_159 ,1.0,0.0
1506,G15_Y3_045_014 ,0.0,1.0
1507,G15_Y3_045_067 ,0.0,1.0
1508,G15_Y3_045_094 ,1.0,0.0
1509,G15_Y3_045_109 ,1.0,0.0
1510,G15_Y3_045_133 ,0.0,1.0
1511,G15_Y3_045_149 ,1.0,0.0
1512,G15_Y3_045_181 ,0.0,1.0
1513,G15_Y3_045_184 ,1.0,0.0
1514,G15_Y3_045_192 ,0.0,1.0
1515,G15_Y3_045_224 ,1.0,0.0
1516,G15_Y3_045_238 ,0.0,1.0
1517,G15_Y3_045_286 ,0.0,1.0
1518,G15_Y3_045_295 ,1.0,0.0
1519,G15_Y3_045_368 ,0.0,1.0
1520,G15_Y3_045_380 ,1.0,0.0
1521,G15_Y3_046_038 ,0.0,1.0
1522,G15_Y3_046_057 ,0.0,1.0
1523,G15_Y3_046_061 ,0.0,1.0
1524,G15_Y3_046_065 ,0.0,1.0
1525,G15_Y3_046_068 ,0.0,1.0
1526,G15_Y3_046_167 ,0.0,1.0
1527,G15_Y3_046_170 ,0.0,1.0
1528,G15_Y3_046_174 ,0.0,1.0
1529,G15_Y3_046_177 ,0.0,1.0
1530,G15_Y3_046_188 ,0.0,1.0
1531,G15_Y3_046_194 ,0.0,1.0
1532,G15_Y3_046_202 ,0.0,1.0
1533,G15_Y3_046_206 ,0.0,1.0
1534,G15_Y3_046_225 ,0.0,1.0
1535,G15_Y3_046_232 ,0.0,1.0
1536,G15_Y3_046_233 ,0.0,1.0
1537,G15_Y3_046_245 ,0.0,1.0
1538,G15_Y3_046_268 ,0.0,1.0
1539,G15_Y3_046_272 ,0.0,1.0
1540,G15_Y3_046_284 ,0.0,1.0
1541,G15_Y3_046_326 ,0.0,1.0
1542,G15_Y3_046_372 ,0.0,1.0
1543,G15_Y3_047_091 ,1.0,0.0
1544,G15_Y3_047_315 ,0.0,1.0
1545,G15_Y3_047_317 ,1.0,0.0
1546,G15_Y3_047_333 ,1.0,0.0
1547,G15_Y3_048_036 ,0.0,1.0
1548,G15_Y3_048_102 ,1.0,0.0
1549,G15_Y3_048_266 ,1.0,0.0
1550,G15_Y3_048_294 ,0.0,1.0
1551,G15_Y3_048_391 ,0.0,1.0
1552,G15_Y3_049_010 ,0.0,1.0
1553,G15_Y3_049_043 ,0.0,1.0
1554,G15_Y3_049_053 ,0.0,1.0
1555,G15_Y3_049_075 ,0.0,1.0
1556,G15_Y3_049_166 ,0.0,1.0
1557,G15_Y3_049_174 ,0.0,1.0
1558,G15_Y3_049_214 ,1.0,0.0
1559,G15_Y3_049_216 ,0.0,1.0
1560,G15_Y3_049_227 ,0.0,1.0
1561,G15_Y3_049_243 ,0.0,1.0
1562,G15_Y3_049_249 ,0.0,1.0
1563,G15_Y3_049_273 ,0.0,1.0
1564,G15_Y3_049_313 ,0.0,1.0
1565,G15_Y3_049_315 ,0.0,1.0
1566,G15_Y3_049_397 ,1.0,0.0
1567,G15_Y3_050_019 ,1.0,0.0
1568,G15_Y3_050_038 ,0.0,1.0
1569,G15_Y3_050_045 ,0.0,1.0
1570,G15_Y3_052_017 ,0.0,1.0
1571,G15_Y3_052_384 ,0.0,1.0
1572,G15_Y4_203_018 ,0.0,1.0
1573,G15_Y4_203_037 ,0.0,1.0
1574,G15_Y4_204_006 ,0.0,1.0
1575,G15_Y4_206_007 ,0.0,1.0
1576,G15_Y4_206_014 ,0.0,1.0
1577,G15_Y4_206_037 ,0.0,1.0
1578,G15_Y4_206_040 ,0.0,1.0
1579,G15_Y4_206_294 ,0.0,1.0
1580,G15_Y4_207_006 ,0.0,1.0
1581,G15_Y4_209_396 ,0.0,1.0
1582,G15_Y4_211_038 ,0.0,1.0
1583,G15_Y4_211_369 ,0.0,1.0
1584,G15_Y4_211_382 ,0.0,1.0
1585,G15_Y4_212_017 ,0.0,1.0
1586,G15_Y4_214_013 ,0.0,1.0
1587,G15_Y4_214_076 ,0.0,1.0
1588,G15_Y4_215_014 ,0.0,1.0
1589,G15_Y4_215_073 ,0.0,1.0
1590,G15_Y4_215_377 ,0.0,1.0
1591,G15_Y4_216_008 ,0.0,1.0
1592,G15_Y4_216_177 ,0.0,1.0
1593,G15_Y4_217_181 ,0.0,1.0
1594,G15_Y4_218_006 ,0.0,1.0
1595,G15_Y4_218_011 ,0.0,1.0
1596,G15_Y4_219_024 ,0.0,1.0
1597,G15_Y4_219_080 ,0.0,1.0
1598,G15_Y4_222_083 ,0.0,1.0
1599,G15_Y4_223_342 ,0.0,1.0
